/Users/chaiyong/Downloads/matcha/js_repos/next.js/bench/basic-app/app/ui/locale-picker.js_#5#17,/Users/chaiyong/Downloads/matcha/javascript_files_splits/split_18/61846892/61846892_2_recent.js_#5#48,/Users/chaiyong/Downloads/matcha/javascript_files_splits/split_18/61846892/61846892_2_221845133.js_#5#48
/Users/chaiyong/Downloads/matcha/js_repos/next.js/bench/basic-app/app/streaming/bulk/page.js_#12#21,/Users/chaiyong/Downloads/matcha/javascript_files_splits/split_17/55632871/55632871_2_recent.js_#23#32,/Users/chaiyong/Downloads/matcha/javascript_files_splits/split_17/55632871/55632871_2_original.js_#28#37,/Users/chaiyong/Downloads/matcha/javascript_files_splits/split_17/55632871/55632871_2_195592897.js_#23#32,/Users/chaiyong/Downloads/matcha/javascript_files_splits/split_17/55632871/55632871_2_195591170.js_#28#37,/Users/chaiyong/Downloads/matcha/javascript_files_splits/split_18/61283864/61283864_6_219497437.js_#3#38,/Users/chaiyong/Downloads/matcha/javascript_files_splits/split_18/61283864/61283864_6_219497229.js_#3#38,/Users/chaiyong/Downloads/matcha/javascript_files_splits/split_18/61283864/61283864_6_219496673.js_#3#38,/Users/chaiyong/Downloads/matcha/javascript_files_splits/split_18/61283864/61283864_4_219500769.js_#3#38,/Users/chaiyong/Downloads/matcha/javascript_files_splits/split_18/61283864/61283864_4_219498689.js_#3#38,/Users/chaiyong/Downloads/matcha/javascript_files_splits/split_18/61283864/61283864_4_219498213.js_#3#38,/Users/chaiyong/Downloads/matcha/javascript_files_splits/split_18/61283864/61283864_4_recent.js_#1#39,/Users/chaiyong/Downloads/matcha/javascript_files_splits/split_18/61283864/61283864_4_219505780.js_#1#39
/Users/chaiyong/Downloads/matcha/js_repos/next.js/test/development/acceptance-app/fixtures/component-stack/app/component.js_#3#9,/Users/chaiyong/Downloads/matcha/javascript_files_splits/split_17/55270869/55270869_4_recent.js_#12#37,/Users/chaiyong/Downloads/matcha/javascript_files_splits/split_17/55270869/55270869_4_original.js_#12#37,/Users/chaiyong/Downloads/matcha/javascript_files_splits/split_17/55270869/55270869_4_194212887.js_#12#37,/Users/chaiyong/Downloads/matcha/javascript_files_splits/split_17/55270869/55270869_4_194212499.js_#12#37,/Users/chaiyong/Downloads/matcha/javascript_files_splits/split_17/55270869/55270869_2_194070492.js_#12#37,/Users/chaiyong/Downloads/matcha/javascript_files_splits/split_15/51812725/51812725_2_original.js_#18#38,/Users/chaiyong/Downloads/matcha/javascript_files_splits/split_15/51812725/51812725_2_179615376.js_#18#38,/Users/chaiyong/Downloads/matcha/javascript_files_splits/split_16/53606134/53606134_2_recent.js_#9#35,/Users/chaiyong/Downloads/matcha/javascript_files_splits/split_16/53606134/53606134_2_original.js_#9#35,/Users/chaiyong/Downloads/matcha/javascript_files_splits/split_16/53606134/53606134_2_187100501.js_#9#35,/Users/chaiyong/Downloads/matcha/javascript_files_splits/split_16/53606134/53606134_2_187099288.js_#9#35,/Users/chaiyong/Downloads/matcha/javascript_files_splits/split_16/53606134/53606134_2_187098795.js_#9#35
/Users/chaiyong/Downloads/matcha/js_repos/next.js/test/development/acceptance-app/fixtures/rsc-build-errors/app/server-with-errors/styled-jsx/comp2.js_#1#11,/Users/chaiyong/Downloads/matcha/javascript_files_splits/split_17/55270869/55270869_4_recent.js_#12#37,/Users/chaiyong/Downloads/matcha/javascript_files_splits/split_17/55270869/55270869_4_original.js_#12#37,/Users/chaiyong/Downloads/matcha/javascript_files_splits/split_17/55270869/55270869_4_194212887.js_#12#37,/Users/chaiyong/Downloads/matcha/javascript_files_splits/split_17/55270869/55270869_4_194212499.js_#12#37,/Users/chaiyong/Downloads/matcha/javascript_files_splits/split_17/55270869/55270869_2_194070492.js_#12#37,/Users/chaiyong/Downloads/matcha/javascript_files_splits/split_15/49684834/49684834_4_recent.js_#3#22,/Users/chaiyong/Downloads/matcha/javascript_files_splits/split_15/49684834/49684834_4_original.js_#3#22,/Users/chaiyong/Downloads/matcha/javascript_files_splits/split_15/49684834/49684834_4_188968170.js_#3#22,/Users/chaiyong/Downloads/matcha/javascript_files_splits/split_15/49684834/49684834_4_170643702.js_#3#22,/Users/chaiyong/Downloads/matcha/javascript_files_splits/split_15/49684834/49684834_2_recent.js_#2#21,/Users/chaiyong/Downloads/matcha/javascript_files_splits/split_15/49684834/49684834_2_original.js_#2#21,/Users/chaiyong/Downloads/matcha/javascript_files_splits/split_15/49684834/49684834_2_188968170.js_#2#21,/Users/chaiyong/Downloads/matcha/javascript_files_splits/split_15/49684834/49684834_2_170643702.js_#2#21
/Users/chaiyong/Downloads/matcha/js_repos/next.js/test/development/basic/misc/pages/development-logs/link-with-no-prefetch.js_#3#9,/Users/chaiyong/Downloads/matcha/javascript_files_splits/split_14/47661012/47661012_4_recent.js_#31#41,/Users/chaiyong/Downloads/matcha/javascript_files_splits/split_14/47661012/47661012_4_original.js_#30#40,/Users/chaiyong/Downloads/matcha/javascript_files_splits/split_14/47661012/47661012_4_162145309.js_#31#41,/Users/chaiyong/Downloads/matcha/javascript_files_splits/split_14/47661012/47661012_4_162144945.js_#30#40
/Users/chaiyong/Downloads/matcha/js_repos/next.js/test/development/basic/hmr/pages/hmr/about.js_#1#7,/Users/chaiyong/Downloads/matcha/javascript_files_splits/split_16/54320044/54320044_4_recent.js_#22#35,/Users/chaiyong/Downloads/matcha/javascript_files_splits/split_16/54320044/54320044_4_original.js_#22#35,/Users/chaiyong/Downloads/matcha/javascript_files_splits/split_16/54320044/54320044_4_190153090.js_#22#35,/Users/chaiyong/Downloads/matcha/javascript_files_splits/split_17/55756480/55756480_2_recent.js_#16#31,/Users/chaiyong/Downloads/matcha/javascript_files_splits/split_17/55756480/55756480_2_original.js_#16#31,/Users/chaiyong/Downloads/matcha/javascript_files_splits/split_17/55756480/55756480_2_196113095.js_#16#31,/Users/chaiyong/Downloads/matcha/javascript_files_splits/split_17/55756480/55756480_2_196112874.js_#16#31,/Users/chaiyong/Downloads/matcha/javascript_files_splits/split_17/55756480/55756480_2_196112593.js_#16#31,/Users/chaiyong/Downloads/matcha/javascript_files_splits/split_14/46642915/46642915_2_recent.js_#5#22,/Users/chaiyong/Downloads/matcha/javascript_files_splits/split_14/46642915/46642915_2_original.js_#5#22,/Users/chaiyong/Downloads/matcha/javascript_files_splits/split_14/46642915/46642915_2_157921521.js_#5#22,/Users/chaiyong/Downloads/matcha/javascript_files_splits/split_14/46642915/46642915_2_157921049.js_#5#22,/Users/chaiyong/Downloads/matcha/javascript_files_splits/split_16/54991788/54991788_2_192901834.js_#19#37
/Users/chaiyong/Downloads/matcha/js_repos/next.js/test/development/basic/hmr/pages/hmr/about4.js_#1#7,/Users/chaiyong/Downloads/matcha/javascript_files_splits/split_16/54320044/54320044_4_recent.js_#22#35,/Users/chaiyong/Downloads/matcha/javascript_files_splits/split_16/54320044/54320044_4_original.js_#22#35,/Users/chaiyong/Downloads/matcha/javascript_files_splits/split_16/54320044/54320044_4_190153090.js_#22#35,/Users/chaiyong/Downloads/matcha/javascript_files_splits/split_17/55756480/55756480_2_recent.js_#16#31,/Users/chaiyong/Downloads/matcha/javascript_files_splits/split_17/55756480/55756480_2_original.js_#16#31,/Users/chaiyong/Downloads/matcha/javascript_files_splits/split_17/55756480/55756480_2_196113095.js_#16#31,/Users/chaiyong/Downloads/matcha/javascript_files_splits/split_17/55756480/55756480_2_196112874.js_#16#31,/Users/chaiyong/Downloads/matcha/javascript_files_splits/split_17/55756480/55756480_2_196112593.js_#16#31,/Users/chaiyong/Downloads/matcha/javascript_files_splits/split_14/46642915/46642915_2_recent.js_#5#22,/Users/chaiyong/Downloads/matcha/javascript_files_splits/split_14/46642915/46642915_2_original.js_#5#22,/Users/chaiyong/Downloads/matcha/javascript_files_splits/split_14/46642915/46642915_2_157921521.js_#5#22,/Users/chaiyong/Downloads/matcha/javascript_files_splits/split_14/46642915/46642915_2_157921049.js_#5#22,/Users/chaiyong/Downloads/matcha/javascript_files_splits/split_16/54991788/54991788_2_192901834.js_#19#37
/Users/chaiyong/Downloads/matcha/js_repos/next.js/test/development/basic/hmr/pages/hmr/about1.js_#1#7,/Users/chaiyong/Downloads/matcha/javascript_files_splits/split_16/54320044/54320044_4_recent.js_#22#35,/Users/chaiyong/Downloads/matcha/javascript_files_splits/split_16/54320044/54320044_4_original.js_#22#35,/Users/chaiyong/Downloads/matcha/javascript_files_splits/split_16/54320044/54320044_4_190153090.js_#22#35,/Users/chaiyong/Downloads/matcha/javascript_files_splits/split_17/55756480/55756480_2_recent.js_#16#31,/Users/chaiyong/Downloads/matcha/javascript_files_splits/split_17/55756480/55756480_2_original.js_#16#31,/Users/chaiyong/Downloads/matcha/javascript_files_splits/split_17/55756480/55756480_2_196113095.js_#16#31,/Users/chaiyong/Downloads/matcha/javascript_files_splits/split_17/55756480/55756480_2_196112874.js_#16#31,/Users/chaiyong/Downloads/matcha/javascript_files_splits/split_17/55756480/55756480_2_196112593.js_#16#31,/Users/chaiyong/Downloads/matcha/javascript_files_splits/split_14/46642915/46642915_2_recent.js_#5#22,/Users/chaiyong/Downloads/matcha/javascript_files_splits/split_14/46642915/46642915_2_original.js_#5#22,/Users/chaiyong/Downloads/matcha/javascript_files_splits/split_14/46642915/46642915_2_157921521.js_#5#22,/Users/chaiyong/Downloads/matcha/javascript_files_splits/split_14/46642915/46642915_2_157921049.js_#5#22,/Users/chaiyong/Downloads/matcha/javascript_files_splits/split_16/54991788/54991788_2_192901834.js_#19#37
/Users/chaiyong/Downloads/matcha/js_repos/next.js/test/development/basic/hmr/pages/hmr/index.js_#3#11,/Users/chaiyong/Downloads/matcha/javascript_files_splits/split_14/47661012/47661012_4_recent.js_#31#41,/Users/chaiyong/Downloads/matcha/javascript_files_splits/split_14/47661012/47661012_4_original.js_#30#40,/Users/chaiyong/Downloads/matcha/javascript_files_splits/split_14/47661012/47661012_4_162145309.js_#31#41,/Users/chaiyong/Downloads/matcha/javascript_files_splits/split_14/47661012/47661012_4_162144945.js_#30#40
/Users/chaiyong/Downloads/matcha/js_repos/next.js/test/development/basic/hmr/pages/hmr/about5.js_#1#7,/Users/chaiyong/Downloads/matcha/javascript_files_splits/split_16/54320044/54320044_4_recent.js_#22#35,/Users/chaiyong/Downloads/matcha/javascript_files_splits/split_16/54320044/54320044_4_original.js_#22#35,/Users/chaiyong/Downloads/matcha/javascript_files_splits/split_16/54320044/54320044_4_190153090.js_#22#35,/Users/chaiyong/Downloads/matcha/javascript_files_splits/split_17/55756480/55756480_2_recent.js_#16#31,/Users/chaiyong/Downloads/matcha/javascript_files_splits/split_17/55756480/55756480_2_original.js_#16#31,/Users/chaiyong/Downloads/matcha/javascript_files_splits/split_17/55756480/55756480_2_196113095.js_#16#31,/Users/chaiyong/Downloads/matcha/javascript_files_splits/split_17/55756480/55756480_2_196112874.js_#16#31,/Users/chaiyong/Downloads/matcha/javascript_files_splits/split_17/55756480/55756480_2_196112593.js_#16#31,/Users/chaiyong/Downloads/matcha/javascript_files_splits/split_14/46642915/46642915_2_recent.js_#5#22,/Users/chaiyong/Downloads/matcha/javascript_files_splits/split_14/46642915/46642915_2_original.js_#5#22,/Users/chaiyong/Downloads/matcha/javascript_files_splits/split_14/46642915/46642915_2_157921521.js_#5#22,/Users/chaiyong/Downloads/matcha/javascript_files_splits/split_14/46642915/46642915_2_157921049.js_#5#22,/Users/chaiyong/Downloads/matcha/javascript_files_splits/split_16/54991788/54991788_2_192901834.js_#19#37
/Users/chaiyong/Downloads/matcha/js_repos/next.js/test/development/basic/hmr/pages/hmr/about2.js_#1#7,/Users/chaiyong/Downloads/matcha/javascript_files_splits/split_16/54320044/54320044_4_recent.js_#22#35,/Users/chaiyong/Downloads/matcha/javascript_files_splits/split_16/54320044/54320044_4_original.js_#22#35,/Users/chaiyong/Downloads/matcha/javascript_files_splits/split_16/54320044/54320044_4_190153090.js_#22#35,/Users/chaiyong/Downloads/matcha/javascript_files_splits/split_17/55756480/55756480_2_recent.js_#16#31,/Users/chaiyong/Downloads/matcha/javascript_files_splits/split_17/55756480/55756480_2_original.js_#16#31,/Users/chaiyong/Downloads/matcha/javascript_files_splits/split_17/55756480/55756480_2_196113095.js_#16#31,/Users/chaiyong/Downloads/matcha/javascript_files_splits/split_17/55756480/55756480_2_196112874.js_#16#31,/Users/chaiyong/Downloads/matcha/javascript_files_splits/split_17/55756480/55756480_2_196112593.js_#16#31,/Users/chaiyong/Downloads/matcha/javascript_files_splits/split_14/46642915/46642915_2_recent.js_#5#22,/Users/chaiyong/Downloads/matcha/javascript_files_splits/split_14/46642915/46642915_2_original.js_#5#22,/Users/chaiyong/Downloads/matcha/javascript_files_splits/split_14/46642915/46642915_2_157921521.js_#5#22,/Users/chaiyong/Downloads/matcha/javascript_files_splits/split_14/46642915/46642915_2_157921049.js_#5#22,/Users/chaiyong/Downloads/matcha/javascript_files_splits/split_16/54991788/54991788_2_192901834.js_#19#37
/Users/chaiyong/Downloads/matcha/js_repos/next.js/test/development/basic/hmr/pages/hmr/about6.js_#1#7,/Users/chaiyong/Downloads/matcha/javascript_files_splits/split_16/54320044/54320044_4_recent.js_#22#35,/Users/chaiyong/Downloads/matcha/javascript_files_splits/split_16/54320044/54320044_4_original.js_#22#35,/Users/chaiyong/Downloads/matcha/javascript_files_splits/split_16/54320044/54320044_4_190153090.js_#22#35,/Users/chaiyong/Downloads/matcha/javascript_files_splits/split_17/55756480/55756480_2_recent.js_#16#31,/Users/chaiyong/Downloads/matcha/javascript_files_splits/split_17/55756480/55756480_2_original.js_#16#31,/Users/chaiyong/Downloads/matcha/javascript_files_splits/split_17/55756480/55756480_2_196113095.js_#16#31,/Users/chaiyong/Downloads/matcha/javascript_files_splits/split_17/55756480/55756480_2_196112874.js_#16#31,/Users/chaiyong/Downloads/matcha/javascript_files_splits/split_17/55756480/55756480_2_196112593.js_#16#31,/Users/chaiyong/Downloads/matcha/javascript_files_splits/split_14/46642915/46642915_2_recent.js_#5#22,/Users/chaiyong/Downloads/matcha/javascript_files_splits/split_14/46642915/46642915_2_original.js_#5#22,/Users/chaiyong/Downloads/matcha/javascript_files_splits/split_14/46642915/46642915_2_157921521.js_#5#22,/Users/chaiyong/Downloads/matcha/javascript_files_splits/split_14/46642915/46642915_2_157921049.js_#5#22,/Users/chaiyong/Downloads/matcha/javascript_files_splits/split_16/54991788/54991788_2_192901834.js_#19#37
/Users/chaiyong/Downloads/matcha/js_repos/next.js/test/development/basic/hmr/pages/hmr/about7.js_#1#7,/Users/chaiyong/Downloads/matcha/javascript_files_splits/split_16/54320044/54320044_4_recent.js_#22#35,/Users/chaiyong/Downloads/matcha/javascript_files_splits/split_16/54320044/54320044_4_original.js_#22#35,/Users/chaiyong/Downloads/matcha/javascript_files_splits/split_16/54320044/54320044_4_190153090.js_#22#35,/Users/chaiyong/Downloads/matcha/javascript_files_splits/split_17/55756480/55756480_2_recent.js_#16#31,/Users/chaiyong/Downloads/matcha/javascript_files_splits/split_17/55756480/55756480_2_original.js_#16#31,/Users/chaiyong/Downloads/matcha/javascript_files_splits/split_17/55756480/55756480_2_196113095.js_#16#31,/Users/chaiyong/Downloads/matcha/javascript_files_splits/split_17/55756480/55756480_2_196112874.js_#16#31,/Users/chaiyong/Downloads/matcha/javascript_files_splits/split_17/55756480/55756480_2_196112593.js_#16#31,/Users/chaiyong/Downloads/matcha/javascript_files_splits/split_14/46642915/46642915_2_recent.js_#5#22,/Users/chaiyong/Downloads/matcha/javascript_files_splits/split_14/46642915/46642915_2_original.js_#5#22,/Users/chaiyong/Downloads/matcha/javascript_files_splits/split_14/46642915/46642915_2_157921521.js_#5#22,/Users/chaiyong/Downloads/matcha/javascript_files_splits/split_14/46642915/46642915_2_157921049.js_#5#22,/Users/chaiyong/Downloads/matcha/javascript_files_splits/split_16/54991788/54991788_2_192901834.js_#19#37
/Users/chaiyong/Downloads/matcha/js_repos/next.js/test/development/basic/hmr/pages/hmr/contact.js_#1#7,/Users/chaiyong/Downloads/matcha/javascript_files_splits/split_16/54320044/54320044_4_recent.js_#22#35,/Users/chaiyong/Downloads/matcha/javascript_files_splits/split_16/54320044/54320044_4_original.js_#22#35,/Users/chaiyong/Downloads/matcha/javascript_files_splits/split_16/54320044/54320044_4_190153090.js_#22#35,/Users/chaiyong/Downloads/matcha/javascript_files_splits/split_17/55756480/55756480_2_recent.js_#16#31,/Users/chaiyong/Downloads/matcha/javascript_files_splits/split_17/55756480/55756480_2_original.js_#16#31,/Users/chaiyong/Downloads/matcha/javascript_files_splits/split_17/55756480/55756480_2_196113095.js_#16#31,/Users/chaiyong/Downloads/matcha/javascript_files_splits/split_17/55756480/55756480_2_196112874.js_#16#31,/Users/chaiyong/Downloads/matcha/javascript_files_splits/split_17/55756480/55756480_2_196112593.js_#16#31,/Users/chaiyong/Downloads/matcha/javascript_files_splits/split_14/46642915/46642915_2_recent.js_#5#22,/Users/chaiyong/Downloads/matcha/javascript_files_splits/split_14/46642915/46642915_2_original.js_#5#22,/Users/chaiyong/Downloads/matcha/javascript_files_splits/split_14/46642915/46642915_2_157921521.js_#5#22,/Users/chaiyong/Downloads/matcha/javascript_files_splits/split_14/46642915/46642915_2_157921049.js_#5#22,/Users/chaiyong/Downloads/matcha/javascript_files_splits/split_16/54991788/54991788_2_192901834.js_#19#37
/Users/chaiyong/Downloads/matcha/js_repos/next.js/test/development/basic/hmr/pages/hmr/counter.js_#11#18,/Users/chaiyong/Downloads/matcha/javascript_files_splits/split_12/41665657/41665657_1_original.js_#26#34,/Users/chaiyong/Downloads/matcha/javascript_files_splits/split_12/41665657/41665657_1_136049522.js_#26#34,/Users/chaiyong/Downloads/matcha/javascript_files_splits/split_12/42173516/42173516_2_recent.js_#16#23,/Users/chaiyong/Downloads/matcha/javascript_files_splits/split_12/42173516/42173516_2_original.js_#15#22,/Users/chaiyong/Downloads/matcha/javascript_files_splits/split_12/42173516/42173516_2_138644090.js_#16#23,/Users/chaiyong/Downloads/matcha/javascript_files_splits/split_12/42173516/42173516_2_138142115.js_#16#23,/Users/chaiyong/Downloads/matcha/javascript_files_splits/split_12/42173516/42173516_2_138126950.js_#15#22,/Users/chaiyong/Downloads/matcha/javascript_files_splits/split_12/41665657/41665657_1_recent.js_#26#34,/Users/chaiyong/Downloads/matcha/javascript_files_splits/split_12/41665657/41665657_1_136049801.js_#26#34,/Users/chaiyong/Downloads/matcha/javascript_files_splits/split_14/48647908/48647908_2_recent.js_#58#90,/Users/chaiyong/Downloads/matcha/javascript_files_splits/split_14/48647908/48647908_2_original.js_#52#84,/Users/chaiyong/Downloads/matcha/javascript_files_splits/split_14/48647908/48647908_2_224793765.js_#58#90,/Users/chaiyong/Downloads/matcha/javascript_files_splits/split_14/48647908/48647908_2_166297124.js_#58#90,/Users/chaiyong/Downloads/matcha/javascript_files_splits/split_14/48647908/48647908_2_166295568.js_#52#84,/Users/chaiyong/Downloads/matcha/javascript_files_splits/split_19/64116448/64116448_2_recent.js_#10#17,/Users/chaiyong/Downloads/matcha/javascript_files_splits/split_19/64116448/64116448_2_recent.js_#25#32,/Users/chaiyong/Downloads/matcha/javascript_files_splits/split_19/64116448/64116448_2_231783131.js_#10#17,/Users/chaiyong/Downloads/matcha/javascript_files_splits/split_19/64116448/64116448_2_231783131.js_#25#32,/Users/chaiyong/Downloads/matcha/javascript_files_splits/split_17/55270869/55270869_4_recent.js_#12#37,/Users/chaiyong/Downloads/matcha/javascript_files_splits/split_17/55270869/55270869_4_original.js_#12#37,/Users/chaiyong/Downloads/matcha/javascript_files_splits/split_17/55270869/55270869_4_194212887.js_#12#37,/Users/chaiyong/Downloads/matcha/javascript_files_splits/split_17/55270869/55270869_4_194212499.js_#12#37,/Users/chaiyong/Downloads/matcha/javascript_files_splits/split_17/55270869/55270869_2_194070492.js_#12#37,/Users/chaiyong/Downloads/matcha/javascript_files_splits/split_15/51812725/51812725_2_original.js_#18#38,/Users/chaiyong/Downloads/matcha/javascript_files_splits/split_15/51812725/51812725_2_179615376.js_#18#38,/Users/chaiyong/Downloads/matcha/javascript_files_splits/split_11/39737879/39737879_5_recent.js_#18#25,/Users/chaiyong/Downloads/matcha/javascript_files_splits/split_11/39737879/39737879_5_128070771.js_#18#25,/Users/chaiyong/Downloads/matcha/javascript_files_splits/split_11/39737879/39737879_3_128070422.js_#18#25,/Users/chaiyong/Downloads/matcha/javascript_files_splits/split_15/51812725/51812725_2_recent.js_#21#54,/Users/chaiyong/Downloads/matcha/javascript_files_splits/split_15/51812725/51812725_2_210517528.js_#21#54,/Users/chaiyong/Downloads/matcha/javascript_files_splits/split_17/57727539/57727539_2_recent.js_#14#21,/Users/chaiyong/Downloads/matcha/javascript_files_splits/split_17/57727539/57727539_2_original.js_#12#19,/Users/chaiyong/Downloads/matcha/javascript_files_splits/split_17/57727539/57727539_2_204522592.js_#14#21,/Users/chaiyong/Downloads/matcha/javascript_files_splits/split_17/57727539/57727539_2_204475090.js_#14#21,/Users/chaiyong/Downloads/matcha/javascript_files_splits/split_17/57727539/57727539_2_204468669.js_#14#21,/Users/chaiyong/Downloads/matcha/javascript_files_splits/split_17/57727539/57727539_2_204467801.js_#12#19,/Users/chaiyong/Downloads/matcha/javascript_files_splits/split_16/53606134/53606134_2_recent.js_#9#35,/Users/chaiyong/Downloads/matcha/javascript_files_splits/split_16/53606134/53606134_2_original.js_#9#35,/Users/chaiyong/Downloads/matcha/javascript_files_splits/split_16/53606134/53606134_2_187100501.js_#9#35,/Users/chaiyong/Downloads/matcha/javascript_files_splits/split_16/53606134/53606134_2_187099288.js_#9#35,/Users/chaiyong/Downloads/matcha/javascript_files_splits/split_16/53606134/53606134_2_187098795.js_#9#35,/Users/chaiyong/Downloads/matcha/javascript_files_splits/split_16/52646355/52646355_2_original.js_#8#30,/Users/chaiyong/Downloads/matcha/javascript_files_splits/split_16/52646355/52646355_2_183079478.js_#8#30,/Users/chaiyong/Downloads/matcha/javascript_files_splits/split_11/39608268/39608268_2_127559013.js_#20#58,/Users/chaiyong/Downloads/matcha/javascript_files_splits/split_16/52646355/52646355_2_183088853.js_#8#28,/Users/chaiyong/Downloads/matcha/javascript_files_splits/split_16/52542941/52542941_2_recent.js_#60#76,/Users/chaiyong/Downloads/matcha/javascript_files_splits/split_16/52542941/52542941_2_original.js_#60#76,/Users/chaiyong/Downloads/matcha/javascript_files_splits/split_16/52542941/52542941_2_182650559.js_#60#76,/Users/chaiyong/Downloads/matcha/javascript_files_splits/split_16/52542941/52542941_2_182649828.js_#60#76,/Users/chaiyong/Downloads/matcha/javascript_files_splits/split_16/52542941/52542941_2_182649366.js_#60#76,/Users/chaiyong/Downloads/matcha/javascript_files_splits/split_17/56889624/56889624_6_original.js_#4#23,/Users/chaiyong/Downloads/matcha/javascript_files_splits/split_17/56889624/56889624_4_200925595.js_#4#23,/Users/chaiyong/Downloads/matcha/javascript_files_splits/split_17/56889624/56889624_6_recent.js_#4#24,/Users/chaiyong/Downloads/matcha/javascript_files_splits/split_17/56889624/56889624_6_201052254.js_#4#24
/Users/chaiyong/Downloads/matcha/js_repos/next.js/test/development/basic/hmr/pages/hmr/about3.js_#1#7,/Users/chaiyong/Downloads/matcha/javascript_files_splits/split_16/54320044/54320044_4_recent.js_#22#35,/Users/chaiyong/Downloads/matcha/javascript_files_splits/split_16/54320044/54320044_4_original.js_#22#35,/Users/chaiyong/Downloads/matcha/javascript_files_splits/split_16/54320044/54320044_4_190153090.js_#22#35,/Users/chaiyong/Downloads/matcha/javascript_files_splits/split_17/55756480/55756480_2_recent.js_#16#31,/Users/chaiyong/Downloads/matcha/javascript_files_splits/split_17/55756480/55756480_2_original.js_#16#31,/Users/chaiyong/Downloads/matcha/javascript_files_splits/split_17/55756480/55756480_2_196113095.js_#16#31,/Users/chaiyong/Downloads/matcha/javascript_files_splits/split_17/55756480/55756480_2_196112874.js_#16#31,/Users/chaiyong/Downloads/matcha/javascript_files_splits/split_17/55756480/55756480_2_196112593.js_#16#31,/Users/chaiyong/Downloads/matcha/javascript_files_splits/split_14/46642915/46642915_2_recent.js_#5#22,/Users/chaiyong/Downloads/matcha/javascript_files_splits/split_14/46642915/46642915_2_original.js_#5#22,/Users/chaiyong/Downloads/matcha/javascript_files_splits/split_14/46642915/46642915_2_157921521.js_#5#22,/Users/chaiyong/Downloads/matcha/javascript_files_splits/split_14/46642915/46642915_2_157921049.js_#5#22,/Users/chaiyong/Downloads/matcha/javascript_files_splits/split_16/54991788/54991788_2_192901834.js_#19#37
/Users/chaiyong/Downloads/matcha/js_repos/next.js/test/development/basic/hmr/pages/hmr/about8.js_#1#7,/Users/chaiyong/Downloads/matcha/javascript_files_splits/split_16/54320044/54320044_4_recent.js_#22#35,/Users/chaiyong/Downloads/matcha/javascript_files_splits/split_16/54320044/54320044_4_original.js_#22#35,/Users/chaiyong/Downloads/matcha/javascript_files_splits/split_16/54320044/54320044_4_190153090.js_#22#35,/Users/chaiyong/Downloads/matcha/javascript_files_splits/split_17/55756480/55756480_2_recent.js_#16#31,/Users/chaiyong/Downloads/matcha/javascript_files_splits/split_17/55756480/55756480_2_original.js_#16#31,/Users/chaiyong/Downloads/matcha/javascript_files_splits/split_17/55756480/55756480_2_196113095.js_#16#31,/Users/chaiyong/Downloads/matcha/javascript_files_splits/split_17/55756480/55756480_2_196112874.js_#16#31,/Users/chaiyong/Downloads/matcha/javascript_files_splits/split_17/55756480/55756480_2_196112593.js_#16#31,/Users/chaiyong/Downloads/matcha/javascript_files_splits/split_14/46642915/46642915_2_recent.js_#5#22,/Users/chaiyong/Downloads/matcha/javascript_files_splits/split_14/46642915/46642915_2_original.js_#5#22,/Users/chaiyong/Downloads/matcha/javascript_files_splits/split_14/46642915/46642915_2_157921521.js_#5#22,/Users/chaiyong/Downloads/matcha/javascript_files_splits/split_14/46642915/46642915_2_157921049.js_#5#22,/Users/chaiyong/Downloads/matcha/javascript_files_splits/split_16/54991788/54991788_2_192901834.js_#19#37
/Users/chaiyong/Downloads/matcha/js_repos/next.js/test/development/basic/hmr/pages/hmr/about9.js_#1#7,/Users/chaiyong/Downloads/matcha/javascript_files_splits/split_16/54320044/54320044_4_recent.js_#22#35,/Users/chaiyong/Downloads/matcha/javascript_files_splits/split_16/54320044/54320044_4_original.js_#22#35,/Users/chaiyong/Downloads/matcha/javascript_files_splits/split_16/54320044/54320044_4_190153090.js_#22#35,/Users/chaiyong/Downloads/matcha/javascript_files_splits/split_17/55756480/55756480_2_recent.js_#16#31,/Users/chaiyong/Downloads/matcha/javascript_files_splits/split_17/55756480/55756480_2_original.js_#16#31,/Users/chaiyong/Downloads/matcha/javascript_files_splits/split_17/55756480/55756480_2_196113095.js_#16#31,/Users/chaiyong/Downloads/matcha/javascript_files_splits/split_17/55756480/55756480_2_196112874.js_#16#31,/Users/chaiyong/Downloads/matcha/javascript_files_splits/split_17/55756480/55756480_2_196112593.js_#16#31,/Users/chaiyong/Downloads/matcha/javascript_files_splits/split_14/46642915/46642915_2_recent.js_#5#22,/Users/chaiyong/Downloads/matcha/javascript_files_splits/split_14/46642915/46642915_2_original.js_#5#22,/Users/chaiyong/Downloads/matcha/javascript_files_splits/split_14/46642915/46642915_2_157921521.js_#5#22,/Users/chaiyong/Downloads/matcha/javascript_files_splits/split_14/46642915/46642915_2_157921049.js_#5#22,/Users/chaiyong/Downloads/matcha/javascript_files_splits/split_16/54991788/54991788_2_192901834.js_#19#37
/Users/chaiyong/Downloads/matcha/js_repos/next.js/test/development/acceptance/fixtures/component-stack/component.js_#2#8,/Users/chaiyong/Downloads/matcha/javascript_files_splits/split_17/55270869/55270869_4_recent.js_#12#37,/Users/chaiyong/Downloads/matcha/javascript_files_splits/split_17/55270869/55270869_4_original.js_#12#37,/Users/chaiyong/Downloads/matcha/javascript_files_splits/split_17/55270869/55270869_4_194212887.js_#12#37,/Users/chaiyong/Downloads/matcha/javascript_files_splits/split_17/55270869/55270869_4_194212499.js_#12#37,/Users/chaiyong/Downloads/matcha/javascript_files_splits/split_17/55270869/55270869_2_194070492.js_#12#37,/Users/chaiyong/Downloads/matcha/javascript_files_splits/split_15/51812725/51812725_2_original.js_#18#38,/Users/chaiyong/Downloads/matcha/javascript_files_splits/split_15/51812725/51812725_2_179615376.js_#18#38,/Users/chaiyong/Downloads/matcha/javascript_files_splits/split_16/53606134/53606134_2_recent.js_#9#35,/Users/chaiyong/Downloads/matcha/javascript_files_splits/split_16/53606134/53606134_2_original.js_#9#35,/Users/chaiyong/Downloads/matcha/javascript_files_splits/split_16/53606134/53606134_2_187100501.js_#9#35,/Users/chaiyong/Downloads/matcha/javascript_files_splits/split_16/53606134/53606134_2_187099288.js_#9#35,/Users/chaiyong/Downloads/matcha/javascript_files_splits/split_16/53606134/53606134_2_187098795.js_#9#35
/Users/chaiyong/Downloads/matcha/js_repos/next.js/test/development/gssp-redirect-with-rewrites/pages/redirector.js_#1#7,/Users/chaiyong/Downloads/matcha/javascript_files_splits/split_18/60140788/60140788_2_recent.js_#5#12,/Users/chaiyong/Downloads/matcha/javascript_files_splits/split_18/60140788/60140788_2_214631784.js_#5#12,/Users/chaiyong/Downloads/matcha/javascript_files_splits/split_17/56808161/56808161_12_recent.js_#4#10,/Users/chaiyong/Downloads/matcha/javascript_files_splits/split_17/56808161/56808161_12_original.js_#4#10,/Users/chaiyong/Downloads/matcha/javascript_files_splits/split_17/56808161/56808161_12_220180265.js_#4#10,/Users/chaiyong/Downloads/matcha/javascript_files_splits/split_17/56808161/56808161_12_209148821.js_#4#10,/Users/chaiyong/Downloads/matcha/javascript_files_splits/split_17/56808161/56808161_10_200561777.js_#4#10,/Users/chaiyong/Downloads/matcha/javascript_files_splits/split_10/36672090/36672090_6_recent.js_#2#9,/Users/chaiyong/Downloads/matcha/javascript_files_splits/split_10/36672090/36672090_6_116009018.js_#2#9,/Users/chaiyong/Downloads/matcha/javascript_files_splits/split_10/36672090/36672090_2_115895570.js_#2#9,/Users/chaiyong/Downloads/matcha/javascript_files_splits/split_17/55759172/55759172_2_original.js_#20#34,/Users/chaiyong/Downloads/matcha/javascript_files_splits/split_17/55759172/55759172_2_196123585.js_#20#34
/Users/chaiyong/Downloads/matcha/js_repos/next.js/test/development/pages-dir/client-navigation/fixture/lib/cdm.js_#4#10,/Users/chaiyong/Downloads/matcha/javascript_files_splits/split_17/55797932/55797932_2_recent.js_#2#8,/Users/chaiyong/Downloads/matcha/javascript_files_splits/split_17/55797932/55797932_2_196300564.js_#2#8,/Users/chaiyong/Downloads/matcha/javascript_files_splits/split_17/55797932/55797932_2_196300195.js_#2#8,/Users/chaiyong/Downloads/matcha/javascript_files_splits/split_14/47050096/47050096_2_recent.js_#16#26,/Users/chaiyong/Downloads/matcha/javascript_files_splits/split_14/47050096/47050096_2_original.js_#16#26,/Users/chaiyong/Downloads/matcha/javascript_files_splits/split_14/47050096/47050096_2_173104570.js_#16#26,/Users/chaiyong/Downloads/matcha/javascript_files_splits/split_14/47050096/47050096_2_159604922.js_#16#26,/Users/chaiyong/Downloads/matcha/javascript_files_splits/split_14/47050096/47050096_2_159603688.js_#16#26,/Users/chaiyong/Downloads/matcha/javascript_files_splits/split_14/47050096/47050096_2_159602194.js_#16#26,/Users/chaiyong/Downloads/matcha/javascript_files_splits/split_12/41642951/41642951_2_recent.js_#3#9,/Users/chaiyong/Downloads/matcha/javascript_files_splits/split_12/41642951/41642951_2_original.js_#3#9,/Users/chaiyong/Downloads/matcha/javascript_files_splits/split_12/41642951/41642951_2_135944848.js_#3#9,/Users/chaiyong/Downloads/matcha/javascript_files_splits/split_12/41642951/41642951_2_135944492.js_#3#9,/Users/chaiyong/Downloads/matcha/javascript_files_splits/split_12/42914931/42914931_2_recent.js_#2#7,/Users/chaiyong/Downloads/matcha/javascript_files_splits/split_12/42914931/42914931_2_original.js_#2#7,/Users/chaiyong/Downloads/matcha/javascript_files_splits/split_12/42914931/42914931_2_141112356.js_#2#7,/Users/chaiyong/Downloads/matcha/javascript_files_splits/split_12/42914931/42914931_2_141111283.js_#2#7,/Users/chaiyong/Downloads/matcha/javascript_files_splits/split_18/58471021/58471021_2_recent.js_#2#9,/Users/chaiyong/Downloads/matcha/javascript_files_splits/split_18/58471021/58471021_2_original.js_#2#9,/Users/chaiyong/Downloads/matcha/javascript_files_splits/split_18/58471021/58471021_2_207593450.js_#2#9,/Users/chaiyong/Downloads/matcha/javascript_files_splits/split_18/58471021/58471021_2_207589645.js_#2#9,/Users/chaiyong/Downloads/matcha/javascript_files_splits/split_18/60309015/60309015_2_recent.js_#4#10,/Users/chaiyong/Downloads/matcha/javascript_files_splits/split_18/60309015/60309015_2_original.js_#4#10,/Users/chaiyong/Downloads/matcha/javascript_files_splits/split_18/60309015/60309015_2_215371196.js_#4#10,/Users/chaiyong/Downloads/matcha/javascript_files_splits/split_14/47422069/47422069_2_recent.js_#2#9,/Users/chaiyong/Downloads/matcha/javascript_files_splits/split_14/47422069/47422069_2_161147500.js_#2#9,/Users/chaiyong/Downloads/matcha/javascript_files_splits/split_14/47422069/47422069_2_161145922.js_#2#9,/Users/chaiyong/Downloads/matcha/javascript_files_splits/split_17/55163155/55163155_8_recent.js_#4#11,/Users/chaiyong/Downloads/matcha/javascript_files_splits/split_17/55163155/55163155_8_original.js_#4#11,/Users/chaiyong/Downloads/matcha/javascript_files_splits/split_17/55163155/55163155_8_235626713.js_#4#11,/Users/chaiyong/Downloads/matcha/javascript_files_splits/split_17/55163155/55163155_8_193613968.js_#4#11,/Users/chaiyong/Downloads/matcha/javascript_files_splits/split_17/55163155/55163155_8_193613494.js_#4#11,/Users/chaiyong/Downloads/matcha/javascript_files_splits/split_14/48603927/48603927_2_recent.js_#2#10,/Users/chaiyong/Downloads/matcha/javascript_files_splits/split_14/48603927/48603927_2_original.js_#2#10,/Users/chaiyong/Downloads/matcha/javascript_files_splits/split_14/48603927/48603927_2_166114990.js_#2#10,/Users/chaiyong/Downloads/matcha/javascript_files_splits/split_14/48603927/48603927_2_166114844.js_#2#10,/Users/chaiyong/Downloads/matcha/javascript_files_splits/split_14/48603927/48603927_2_166114736.js_#2#10,/Users/chaiyong/Downloads/matcha/javascript_files_splits/split_16/52633688/52633688_4_recent.js_#2#12,/Users/chaiyong/Downloads/matcha/javascript_files_splits/split_16/52633688/52633688_4_original.js_#2#12,/Users/chaiyong/Downloads/matcha/javascript_files_splits/split_16/52633688/52633688_4_183028926.js_#2#12,/Users/chaiyong/Downloads/matcha/javascript_files_splits/split_14/48362392/48362392_2_recent.js_#2#12,/Users/chaiyong/Downloads/matcha/javascript_files_splits/split_14/48362392/48362392_2_original.js_#2#12,/Users/chaiyong/Downloads/matcha/javascript_files_splits/split_14/48362392/48362392_2_165115845.js_#2#12,/Users/chaiyong/Downloads/matcha/javascript_files_splits/split_14/48362392/48362392_2_165107704.js_#2#12
/Users/chaiyong/Downloads/matcha/js_repos/next.js/test/development/pages-dir/client-navigation/fixture/pages/nav/self-reload.js_#14#23,/Users/chaiyong/Downloads/matcha/javascript_files_splits/split_15/49143921/49143921_2_recent.js_#33#41,/Users/chaiyong/Downloads/matcha/javascript_files_splits/split_15/49143921/49143921_2_original.js_#33#41,/Users/chaiyong/Downloads/matcha/javascript_files_splits/split_15/49143921/49143921_2_168374025.js_#33#41,/Users/chaiyong/Downloads/matcha/javascript_files_splits/split_15/49143921/49143921_2_168373910.js_#33#41
/Users/chaiyong/Downloads/matcha/js_repos/next.js/test/development/document-head-warnings/pages/index.js_#1#12,/Users/chaiyong/Downloads/matcha/javascript_files_splits/split_17/55270869/55270869_4_recent.js_#12#37,/Users/chaiyong/Downloads/matcha/javascript_files_splits/split_17/55270869/55270869_4_original.js_#12#37,/Users/chaiyong/Downloads/matcha/javascript_files_splits/split_17/55270869/55270869_4_194212887.js_#12#37,/Users/chaiyong/Downloads/matcha/javascript_files_splits/split_17/55270869/55270869_4_194212499.js_#12#37,/Users/chaiyong/Downloads/matcha/javascript_files_splits/split_17/55270869/55270869_2_194070492.js_#12#37
/Users/chaiyong/Downloads/matcha/js_repos/next.js/test/production/export-getInitialProps-warn/next.config.js_#3#10,/Users/chaiyong/Downloads/matcha/javascript_files_splits/split_18/59410283/59410283_2_recent.js_#9#18,/Users/chaiyong/Downloads/matcha/javascript_files_splits/split_18/59410283/59410283_2_original.js_#7#16,/Users/chaiyong/Downloads/matcha/javascript_files_splits/split_18/59410283/59410283_2_211530605.js_#9#18,/Users/chaiyong/Downloads/matcha/javascript_files_splits/split_18/59410283/59410283_2_211529473.js_#7#16
/Users/chaiyong/Downloads/matcha/js_repos/next.js/test/production/app-dir/actions-tree-shaking/shared-module-actions/app/client/one/page.js_#6#22,/Users/chaiyong/Downloads/matcha/javascript_files_splits/split_18/60982806/60982806_2_recent.js_#3#21,/Users/chaiyong/Downloads/matcha/javascript_files_splits/split_18/60982806/60982806_2_original.js_#3#21,/Users/chaiyong/Downloads/matcha/javascript_files_splits/split_18/60982806/60982806_2_218221210.js_#3#21,/Users/chaiyong/Downloads/matcha/javascript_files_splits/split_18/60982806/60982806_2_218220890.js_#3#21
/Users/chaiyong/Downloads/matcha/js_repos/next.js/test/production/app-dir/actions-tree-shaking/shared-module-actions/app/client/two/page.js_#6#22,/Users/chaiyong/Downloads/matcha/javascript_files_splits/split_18/60982806/60982806_2_recent.js_#3#21,/Users/chaiyong/Downloads/matcha/javascript_files_splits/split_18/60982806/60982806_2_original.js_#3#21,/Users/chaiyong/Downloads/matcha/javascript_files_splits/split_18/60982806/60982806_2_218221210.js_#3#21,/Users/chaiyong/Downloads/matcha/javascript_files_splits/split_18/60982806/60982806_2_218220890.js_#3#21
/Users/chaiyong/Downloads/matcha/js_repos/next.js/test/production/production-config/fixture-generateBuildId/pages/index.js_#3#9,/Users/chaiyong/Downloads/matcha/javascript_files_splits/split_17/55797932/55797932_2_recent.js_#2#8,/Users/chaiyong/Downloads/matcha/javascript_files_splits/split_17/55797932/55797932_2_196300564.js_#2#8,/Users/chaiyong/Downloads/matcha/javascript_files_splits/split_17/55797932/55797932_2_196300195.js_#2#8,/Users/chaiyong/Downloads/matcha/javascript_files_splits/split_14/47050096/47050096_2_recent.js_#16#26,/Users/chaiyong/Downloads/matcha/javascript_files_splits/split_14/47050096/47050096_2_original.js_#16#26,/Users/chaiyong/Downloads/matcha/javascript_files_splits/split_14/47050096/47050096_2_173104570.js_#16#26,/Users/chaiyong/Downloads/matcha/javascript_files_splits/split_14/47050096/47050096_2_159604922.js_#16#26,/Users/chaiyong/Downloads/matcha/javascript_files_splits/split_14/47050096/47050096_2_159603688.js_#16#26,/Users/chaiyong/Downloads/matcha/javascript_files_splits/split_14/47050096/47050096_2_159602194.js_#16#26,/Users/chaiyong/Downloads/matcha/javascript_files_splits/split_12/41642951/41642951_2_recent.js_#3#9,/Users/chaiyong/Downloads/matcha/javascript_files_splits/split_12/41642951/41642951_2_original.js_#3#9,/Users/chaiyong/Downloads/matcha/javascript_files_splits/split_12/41642951/41642951_2_135944848.js_#3#9,/Users/chaiyong/Downloads/matcha/javascript_files_splits/split_12/41642951/41642951_2_135944492.js_#3#9,/Users/chaiyong/Downloads/matcha/javascript_files_splits/split_12/42914931/42914931_2_recent.js_#2#7,/Users/chaiyong/Downloads/matcha/javascript_files_splits/split_12/42914931/42914931_2_original.js_#2#7,/Users/chaiyong/Downloads/matcha/javascript_files_splits/split_12/42914931/42914931_2_141112356.js_#2#7,/Users/chaiyong/Downloads/matcha/javascript_files_splits/split_12/42914931/42914931_2_141111283.js_#2#7,/Users/chaiyong/Downloads/matcha/javascript_files_splits/split_18/58471021/58471021_2_recent.js_#2#9,/Users/chaiyong/Downloads/matcha/javascript_files_splits/split_18/58471021/58471021_2_original.js_#2#9,/Users/chaiyong/Downloads/matcha/javascript_files_splits/split_18/58471021/58471021_2_207593450.js_#2#9,/Users/chaiyong/Downloads/matcha/javascript_files_splits/split_18/58471021/58471021_2_207589645.js_#2#9,/Users/chaiyong/Downloads/matcha/javascript_files_splits/split_18/60309015/60309015_2_recent.js_#4#10,/Users/chaiyong/Downloads/matcha/javascript_files_splits/split_18/60309015/60309015_2_original.js_#4#10,/Users/chaiyong/Downloads/matcha/javascript_files_splits/split_18/60309015/60309015_2_215371196.js_#4#10,/Users/chaiyong/Downloads/matcha/javascript_files_splits/split_14/47422069/47422069_2_recent.js_#2#9,/Users/chaiyong/Downloads/matcha/javascript_files_splits/split_14/47422069/47422069_2_161147500.js_#2#9,/Users/chaiyong/Downloads/matcha/javascript_files_splits/split_14/47422069/47422069_2_161145922.js_#2#9,/Users/chaiyong/Downloads/matcha/javascript_files_splits/split_17/55163155/55163155_8_recent.js_#4#11,/Users/chaiyong/Downloads/matcha/javascript_files_splits/split_17/55163155/55163155_8_original.js_#4#11,/Users/chaiyong/Downloads/matcha/javascript_files_splits/split_17/55163155/55163155_8_235626713.js_#4#11,/Users/chaiyong/Downloads/matcha/javascript_files_splits/split_17/55163155/55163155_8_193613968.js_#4#11,/Users/chaiyong/Downloads/matcha/javascript_files_splits/split_17/55163155/55163155_8_193613494.js_#4#11,/Users/chaiyong/Downloads/matcha/javascript_files_splits/split_14/48603927/48603927_2_recent.js_#2#10,/Users/chaiyong/Downloads/matcha/javascript_files_splits/split_14/48603927/48603927_2_original.js_#2#10,/Users/chaiyong/Downloads/matcha/javascript_files_splits/split_14/48603927/48603927_2_166114990.js_#2#10,/Users/chaiyong/Downloads/matcha/javascript_files_splits/split_14/48603927/48603927_2_166114844.js_#2#10,/Users/chaiyong/Downloads/matcha/javascript_files_splits/split_14/48603927/48603927_2_166114736.js_#2#10,/Users/chaiyong/Downloads/matcha/javascript_files_splits/split_16/52633688/52633688_4_recent.js_#2#12,/Users/chaiyong/Downloads/matcha/javascript_files_splits/split_16/52633688/52633688_4_original.js_#2#12,/Users/chaiyong/Downloads/matcha/javascript_files_splits/split_16/52633688/52633688_4_183028926.js_#2#12,/Users/chaiyong/Downloads/matcha/javascript_files_splits/split_14/48362392/48362392_2_recent.js_#2#12,/Users/chaiyong/Downloads/matcha/javascript_files_splits/split_14/48362392/48362392_2_original.js_#2#12,/Users/chaiyong/Downloads/matcha/javascript_files_splits/split_14/48362392/48362392_2_165115845.js_#2#12,/Users/chaiyong/Downloads/matcha/javascript_files_splits/split_14/48362392/48362392_2_165107704.js_#2#12
/Users/chaiyong/Downloads/matcha/js_repos/next.js/test/production/production-config/pages/index.js_#3#9,/Users/chaiyong/Downloads/matcha/javascript_files_splits/split_17/55797932/55797932_2_recent.js_#2#8,/Users/chaiyong/Downloads/matcha/javascript_files_splits/split_17/55797932/55797932_2_196300564.js_#2#8,/Users/chaiyong/Downloads/matcha/javascript_files_splits/split_17/55797932/55797932_2_196300195.js_#2#8,/Users/chaiyong/Downloads/matcha/javascript_files_splits/split_14/47050096/47050096_2_recent.js_#16#26,/Users/chaiyong/Downloads/matcha/javascript_files_splits/split_14/47050096/47050096_2_original.js_#16#26,/Users/chaiyong/Downloads/matcha/javascript_files_splits/split_14/47050096/47050096_2_173104570.js_#16#26,/Users/chaiyong/Downloads/matcha/javascript_files_splits/split_14/47050096/47050096_2_159604922.js_#16#26,/Users/chaiyong/Downloads/matcha/javascript_files_splits/split_14/47050096/47050096_2_159603688.js_#16#26,/Users/chaiyong/Downloads/matcha/javascript_files_splits/split_14/47050096/47050096_2_159602194.js_#16#26,/Users/chaiyong/Downloads/matcha/javascript_files_splits/split_12/41642951/41642951_2_recent.js_#3#9,/Users/chaiyong/Downloads/matcha/javascript_files_splits/split_12/41642951/41642951_2_original.js_#3#9,/Users/chaiyong/Downloads/matcha/javascript_files_splits/split_12/41642951/41642951_2_135944848.js_#3#9,/Users/chaiyong/Downloads/matcha/javascript_files_splits/split_12/41642951/41642951_2_135944492.js_#3#9,/Users/chaiyong/Downloads/matcha/javascript_files_splits/split_12/42914931/42914931_2_recent.js_#2#7,/Users/chaiyong/Downloads/matcha/javascript_files_splits/split_12/42914931/42914931_2_original.js_#2#7,/Users/chaiyong/Downloads/matcha/javascript_files_splits/split_12/42914931/42914931_2_141112356.js_#2#7,/Users/chaiyong/Downloads/matcha/javascript_files_splits/split_12/42914931/42914931_2_141111283.js_#2#7,/Users/chaiyong/Downloads/matcha/javascript_files_splits/split_18/58471021/58471021_2_recent.js_#2#9,/Users/chaiyong/Downloads/matcha/javascript_files_splits/split_18/58471021/58471021_2_original.js_#2#9,/Users/chaiyong/Downloads/matcha/javascript_files_splits/split_18/58471021/58471021_2_207593450.js_#2#9,/Users/chaiyong/Downloads/matcha/javascript_files_splits/split_18/58471021/58471021_2_207589645.js_#2#9,/Users/chaiyong/Downloads/matcha/javascript_files_splits/split_18/60309015/60309015_2_recent.js_#4#10,/Users/chaiyong/Downloads/matcha/javascript_files_splits/split_18/60309015/60309015_2_original.js_#4#10,/Users/chaiyong/Downloads/matcha/javascript_files_splits/split_18/60309015/60309015_2_215371196.js_#4#10,/Users/chaiyong/Downloads/matcha/javascript_files_splits/split_14/47422069/47422069_2_recent.js_#2#9,/Users/chaiyong/Downloads/matcha/javascript_files_splits/split_14/47422069/47422069_2_161147500.js_#2#9,/Users/chaiyong/Downloads/matcha/javascript_files_splits/split_14/47422069/47422069_2_161145922.js_#2#9,/Users/chaiyong/Downloads/matcha/javascript_files_splits/split_17/55163155/55163155_8_recent.js_#4#11,/Users/chaiyong/Downloads/matcha/javascript_files_splits/split_17/55163155/55163155_8_original.js_#4#11,/Users/chaiyong/Downloads/matcha/javascript_files_splits/split_17/55163155/55163155_8_235626713.js_#4#11,/Users/chaiyong/Downloads/matcha/javascript_files_splits/split_17/55163155/55163155_8_193613968.js_#4#11,/Users/chaiyong/Downloads/matcha/javascript_files_splits/split_17/55163155/55163155_8_193613494.js_#4#11,/Users/chaiyong/Downloads/matcha/javascript_files_splits/split_14/48603927/48603927_2_recent.js_#2#10,/Users/chaiyong/Downloads/matcha/javascript_files_splits/split_14/48603927/48603927_2_original.js_#2#10,/Users/chaiyong/Downloads/matcha/javascript_files_splits/split_14/48603927/48603927_2_166114990.js_#2#10,/Users/chaiyong/Downloads/matcha/javascript_files_splits/split_14/48603927/48603927_2_166114844.js_#2#10,/Users/chaiyong/Downloads/matcha/javascript_files_splits/split_14/48603927/48603927_2_166114736.js_#2#10,/Users/chaiyong/Downloads/matcha/javascript_files_splits/split_16/52633688/52633688_4_recent.js_#2#12,/Users/chaiyong/Downloads/matcha/javascript_files_splits/split_16/52633688/52633688_4_original.js_#2#12,/Users/chaiyong/Downloads/matcha/javascript_files_splits/split_16/52633688/52633688_4_183028926.js_#2#12,/Users/chaiyong/Downloads/matcha/javascript_files_splits/split_14/48362392/48362392_2_recent.js_#2#12,/Users/chaiyong/Downloads/matcha/javascript_files_splits/split_14/48362392/48362392_2_original.js_#2#12,/Users/chaiyong/Downloads/matcha/javascript_files_splits/split_14/48362392/48362392_2_165115845.js_#2#12,/Users/chaiyong/Downloads/matcha/javascript_files_splits/split_14/48362392/48362392_2_165107704.js_#2#12
/Users/chaiyong/Downloads/matcha/js_repos/next.js/test/production/hydrate-then-render/pages/other.js_#1#9,/Users/chaiyong/Downloads/matcha/javascript_files_splits/split_16/54991788/54991788_2_original.js_#19#35,/Users/chaiyong/Downloads/matcha/javascript_files_splits/split_16/54991788/54991788_2_192899843.js_#19#35,/Users/chaiyong/Downloads/matcha/javascript_files_splits/split_16/54991788/54991788_2_192901834.js_#19#37,/Users/chaiyong/Downloads/matcha/javascript_files_splits/split_19/61959582/61959582_2_recent.js_#3#118,/Users/chaiyong/Downloads/matcha/javascript_files_splits/split_19/61959582/61959582_2_222316090.js_#3#118
/Users/chaiyong/Downloads/matcha/js_repos/next.js/test/production/app-document-style-fragment/pages/index.js_#1#12,/Users/chaiyong/Downloads/matcha/javascript_files_splits/split_17/55270869/55270869_4_recent.js_#12#37,/Users/chaiyong/Downloads/matcha/javascript_files_splits/split_17/55270869/55270869_4_original.js_#12#37,/Users/chaiyong/Downloads/matcha/javascript_files_splits/split_17/55270869/55270869_4_194212887.js_#12#37,/Users/chaiyong/Downloads/matcha/javascript_files_splits/split_17/55270869/55270869_4_194212499.js_#12#37,/Users/chaiyong/Downloads/matcha/javascript_files_splits/split_17/55270869/55270869_2_194070492.js_#12#37
/Users/chaiyong/Downloads/matcha/js_repos/next.js/test/production/prerender-revalidate/pages/static.js_#10#16,/Users/chaiyong/Downloads/matcha/javascript_files_splits/split_18/59583769/59583769_4_recent.js_#1#12,/Users/chaiyong/Downloads/matcha/javascript_files_splits/split_18/59583769/59583769_4_original.js_#1#12,/Users/chaiyong/Downloads/matcha/javascript_files_splits/split_18/59583769/59583769_4_212337628.js_#1#12,/Users/chaiyong/Downloads/matcha/javascript_files_splits/split_18/59583769/59583769_4_212281043.js_#1#12,/Users/chaiyong/Downloads/matcha/javascript_files_splits/split_18/59583769/59583769_4_212280433.js_#1#12
/Users/chaiyong/Downloads/matcha/js_repos/next.js/test/production/css-minify/pages/index.js_#1#7,/Users/chaiyong/Downloads/matcha/javascript_files_splits/split_14/46713594/46713594_6_recent.js_#17#25,/Users/chaiyong/Downloads/matcha/javascript_files_splits/split_14/46713594/46713594_6_original.js_#16#24,/Users/chaiyong/Downloads/matcha/javascript_files_splits/split_14/46713594/46713594_6_158203058.js_#17#25,/Users/chaiyong/Downloads/matcha/javascript_files_splits/split_14/46713594/46713594_6_158202613.js_#16#24,/Users/chaiyong/Downloads/matcha/javascript_files_splits/split_15/51677028/51677028_2_recent.js_#24#50,/Users/chaiyong/Downloads/matcha/javascript_files_splits/split_15/51677028/51677028_2_original.js_#24#50,/Users/chaiyong/Downloads/matcha/javascript_files_splits/split_15/51677028/51677028_2_179043588.js_#24#50,/Users/chaiyong/Downloads/matcha/javascript_files_splits/split_15/51386254/51386254_2_recent.js_#21#43,/Users/chaiyong/Downloads/matcha/javascript_files_splits/split_15/51386254/51386254_2_177839264.js_#21#43,/Users/chaiyong/Downloads/matcha/javascript_files_splits/split_14/46678884/46678884_2_recent.js_#21#34,/Users/chaiyong/Downloads/matcha/javascript_files_splits/split_14/46678884/46678884_2_original.js_#21#34,/Users/chaiyong/Downloads/matcha/javascript_files_splits/split_14/46678884/46678884_2_158064583.js_#21#34,/Users/chaiyong/Downloads/matcha/javascript_files_splits/split_14/46678884/46678884_2_158064315.js_#21#34,/Users/chaiyong/Downloads/matcha/javascript_files_splits/split_12/41865483/41865483_4_recent.js_#12#27,/Users/chaiyong/Downloads/matcha/javascript_files_splits/split_12/41865483/41865483_4_original.js_#13#28,/Users/chaiyong/Downloads/matcha/javascript_files_splits/split_12/41865483/41865483_4_136874082.js_#12#27,/Users/chaiyong/Downloads/matcha/javascript_files_splits/split_12/41865483/41865483_2_136873696.js_#12#27,/Users/chaiyong/Downloads/matcha/javascript_files_splits/split_12/41865483/41865483_2_136872468.js_#13#28,/Users/chaiyong/Downloads/matcha/javascript_files_splits/split_12/41865483/41865483_2_136872218.js_#13#28,/Users/chaiyong/Downloads/matcha/javascript_files_splits/split_19/63917112/63917112_2_recent.js_#3#43,/Users/chaiyong/Downloads/matcha/javascript_files_splits/split_19/63917112/63917112_2_original.js_#3#43,/Users/chaiyong/Downloads/matcha/javascript_files_splits/split_19/63917112/63917112_2_230927577.js_#3#43,/Users/chaiyong/Downloads/matcha/javascript_files_splits/split_16/52199573/52199573_2_181221318.js_#17#25,/Users/chaiyong/Downloads/matcha/javascript_files_splits/split_16/52199573/52199573_10_recent.js_#16#24,/Users/chaiyong/Downloads/matcha/javascript_files_splits/split_16/52199573/52199573_10_original.js_#17#25,/Users/chaiyong/Downloads/matcha/javascript_files_splits/split_16/52199573/52199573_10_181222616.js_#16#24,/Users/chaiyong/Downloads/matcha/javascript_files_splits/split_16/52199573/52199573_10_181221839.js_#17#25,/Users/chaiyong/Downloads/matcha/javascript_files_splits/split_15/51386254/51386254_2_original.js_#28#51,/Users/chaiyong/Downloads/matcha/javascript_files_splits/split_15/51386254/51386254_2_177838890.js_#28#51,/Users/chaiyong/Downloads/matcha/javascript_files_splits/split_15/50881385/50881385_2_recent.js_#23#30,/Users/chaiyong/Downloads/matcha/javascript_files_splits/split_15/50881385/50881385_2_175676596.js_#23#30,/Users/chaiyong/Downloads/matcha/javascript_files_splits/split_13/44773274/44773274_2_original.js_#8#15,/Users/chaiyong/Downloads/matcha/javascript_files_splits/split_13/44773274/44773274_2_150271179.js_#8#15,/Users/chaiyong/Downloads/matcha/javascript_files_splits/split_16/52341585/52341585_2_recent.js_#27#33,/Users/chaiyong/Downloads/matcha/javascript_files_splits/split_16/52341585/52341585_2_original.js_#27#33,/Users/chaiyong/Downloads/matcha/javascript_files_splits/split_16/52341585/52341585_2_181819510.js_#27#33,/Users/chaiyong/Downloads/matcha/javascript_files_splits/split_16/52341585/52341585_2_181819068.js_#27#33,/Users/chaiyong/Downloads/matcha/javascript_files_splits/split_14/46642915/46642915_2_recent.js_#5#22,/Users/chaiyong/Downloads/matcha/javascript_files_splits/split_14/46642915/46642915_2_original.js_#5#22,/Users/chaiyong/Downloads/matcha/javascript_files_splits/split_14/46642915/46642915_2_157921521.js_#5#22,/Users/chaiyong/Downloads/matcha/javascript_files_splits/split_14/46642915/46642915_2_157921049.js_#5#22,/Users/chaiyong/Downloads/matcha/javascript_files_splits/split_14/46642915/46642915_2_recent.js_#8#18,/Users/chaiyong/Downloads/matcha/javascript_files_splits/split_14/46642915/46642915_2_original.js_#8#18,/Users/chaiyong/Downloads/matcha/javascript_files_splits/split_14/46642915/46642915_2_157921521.js_#8#18,/Users/chaiyong/Downloads/matcha/javascript_files_splits/split_14/46642915/46642915_2_157921049.js_#8#18,/Users/chaiyong/Downloads/matcha/javascript_files_splits/split_19/64418614/64418614_4_recent.js_#8#26,/Users/chaiyong/Downloads/matcha/javascript_files_splits/split_19/64418614/64418614_4_original.js_#8#26,/Users/chaiyong/Downloads/matcha/javascript_files_splits/split_19/64418614/64418614_4_233094432.js_#8#26,/Users/chaiyong/Downloads/matcha/javascript_files_splits/split_19/64418614/64418614_2_233094200.js_#8#26,/Users/chaiyong/Downloads/matcha/javascript_files_splits/split_11/39063617/39063617_2_recent.js_#19#28,/Users/chaiyong/Downloads/matcha/javascript_files_splits/split_11/39063617/39063617_2_original.js_#19#28,/Users/chaiyong/Downloads/matcha/javascript_files_splits/split_11/39063617/39063617_2_125375339.js_#19#28,/Users/chaiyong/Downloads/matcha/javascript_files_splits/split_11/39063617/39063617_2_125375042.js_#19#28,/Users/chaiyong/Downloads/matcha/javascript_files_splits/split_15/49427725/49427725_2_recent.js_#4#38,/Users/chaiyong/Downloads/matcha/javascript_files_splits/split_15/49427725/49427725_2_169564096.js_#4#38,/Users/chaiyong/Downloads/matcha/javascript_files_splits/split_17/55759172/55759172_2_original.js_#20#34,/Users/chaiyong/Downloads/matcha/javascript_files_splits/split_17/55759172/55759172_2_196123585.js_#20#34,/Users/chaiyong/Downloads/matcha/javascript_files_splits/split_16/54991788/54991788_2_original.js_#19#35,/Users/chaiyong/Downloads/matcha/javascript_files_splits/split_16/54991788/54991788_2_192899843.js_#19#35,/Users/chaiyong/Downloads/matcha/javascript_files_splits/split_16/54991788/54991788_2_192901834.js_#19#37,/Users/chaiyong/Downloads/matcha/javascript_files_splits/split_16/54449078/54449078_6_original.js_#4#12,/Users/chaiyong/Downloads/matcha/javascript_files_splits/split_16/54449078/54449078_6_190633291.js_#4#12,/Users/chaiyong/Downloads/matcha/javascript_files_splits/split_16/54449078/54449078_6_190633004.js_#4#12,/Users/chaiyong/Downloads/matcha/javascript_files_splits/split_16/54735657/54735657_2_recent.js_#37#55,/Users/chaiyong/Downloads/matcha/javascript_files_splits/split_16/54735657/54735657_2_original.js_#36#54,/Users/chaiyong/Downloads/matcha/javascript_files_splits/split_16/54735657/54735657_2_191829565.js_#37#55,/Users/chaiyong/Downloads/matcha/javascript_files_splits/split_16/54735657/54735657_2_191829301.js_#36#54,/Users/chaiyong/Downloads/matcha/javascript_files_splits/split_15/50205318/50205318_2_recent.js_#18#32,/Users/chaiyong/Downloads/matcha/javascript_files_splits/split_15/50205318/50205318_2_original.js_#18#32,/Users/chaiyong/Downloads/matcha/javascript_files_splits/split_15/50205318/50205318_2_172845342.js_#18#32,/Users/chaiyong/Downloads/matcha/javascript_files_splits/split_15/50205318/50205318_2_172845246.js_#18#32,/Users/chaiyong/Downloads/matcha/javascript_files_splits/split_16/52825389/52825389_6_recent.js_#33#43,/Users/chaiyong/Downloads/matcha/javascript_files_splits/split_16/52825389/52825389_6_original.js_#33#43,/Users/chaiyong/Downloads/matcha/javascript_files_splits/split_16/52825389/52825389_6_183903188.js_#33#43,/Users/chaiyong/Downloads/matcha/javascript_files_splits/split_14/46849743/46849743_6_recent.js_#11#21,/Users/chaiyong/Downloads/matcha/javascript_files_splits/split_14/46849743/46849743_6_original.js_#11#21,/Users/chaiyong/Downloads/matcha/javascript_files_splits/split_14/46849743/46849743_6_158765056.js_#11#21,/Users/chaiyong/Downloads/matcha/javascript_files_splits/split_14/46849743/46849743_6_158764800.js_#11#21,/Users/chaiyong/Downloads/matcha/javascript_files_splits/split_14/47366503/47366503_2_recent.js_#19#37,/Users/chaiyong/Downloads/matcha/javascript_files_splits/split_14/47366503/47366503_2_original.js_#19#37,/Users/chaiyong/Downloads/matcha/javascript_files_splits/split_14/47366503/47366503_2_160919187.js_#19#37,/Users/chaiyong/Downloads/matcha/javascript_files_splits/split_14/47366503/47366503_2_160918811.js_#19#37
/Users/chaiyong/Downloads/matcha/js_repos/next.js/test/production/pages-dir/production/fixture/pages/index.js_#14#21,/Users/chaiyong/Downloads/matcha/javascript_files_splits/split_14/47661012/47661012_4_recent.js_#31#41,/Users/chaiyong/Downloads/matcha/javascript_files_splits/split_14/47661012/47661012_4_original.js_#30#40,/Users/chaiyong/Downloads/matcha/javascript_files_splits/split_14/47661012/47661012_4_162145309.js_#31#41,/Users/chaiyong/Downloads/matcha/javascript_files_splits/split_14/47661012/47661012_4_162144945.js_#30#40,/Users/chaiyong/Downloads/matcha/javascript_files_splits/split_16/54991788/54991788_2_original.js_#19#35,/Users/chaiyong/Downloads/matcha/javascript_files_splits/split_16/54991788/54991788_2_192899843.js_#19#35
/Users/chaiyong/Downloads/matcha/js_repos/next.js/test/production/pages-dir/production/fixture/pages/next-import.js_#14#21,/Users/chaiyong/Downloads/matcha/javascript_files_splits/split_14/47661012/47661012_4_recent.js_#31#41,/Users/chaiyong/Downloads/matcha/javascript_files_splits/split_14/47661012/47661012_4_original.js_#30#40,/Users/chaiyong/Downloads/matcha/javascript_files_splits/split_14/47661012/47661012_4_162145309.js_#31#41,/Users/chaiyong/Downloads/matcha/javascript_files_splits/split_14/47661012/47661012_4_162144945.js_#30#40,/Users/chaiyong/Downloads/matcha/javascript_files_splits/split_16/54991788/54991788_2_original.js_#19#35,/Users/chaiyong/Downloads/matcha/javascript_files_splits/split_16/54991788/54991788_2_192899843.js_#19#35
/Users/chaiyong/Downloads/matcha/js_repos/next.js/test/production/css-features/fixtures/next-issue-15468/pages/index.js_#1#8,/Users/chaiyong/Downloads/matcha/javascript_files_splits/split_11/38519125/38519125_6_recent.js_#2#13,/Users/chaiyong/Downloads/matcha/javascript_files_splits/split_11/38519125/38519125_6_original.js_#2#13,/Users/chaiyong/Downloads/matcha/javascript_files_splits/split_11/38519125/38519125_6_175915608.js_#2#13,/Users/chaiyong/Downloads/matcha/javascript_files_splits/split_11/38519125/38519125_6_123204253.js_#2#13,/Users/chaiyong/Downloads/matcha/javascript_files_splits/split_15/51677028/51677028_2_recent.js_#24#50,/Users/chaiyong/Downloads/matcha/javascript_files_splits/split_15/51677028/51677028_2_original.js_#24#50,/Users/chaiyong/Downloads/matcha/javascript_files_splits/split_15/51677028/51677028_2_179043588.js_#24#50,/Users/chaiyong/Downloads/matcha/javascript_files_splits/split_19/63917112/63917112_2_recent.js_#3#43,/Users/chaiyong/Downloads/matcha/javascript_files_splits/split_19/63917112/63917112_2_original.js_#3#43,/Users/chaiyong/Downloads/matcha/javascript_files_splits/split_19/63917112/63917112_2_230927577.js_#3#43,/Users/chaiyong/Downloads/matcha/javascript_files_splits/split_15/51386254/51386254_2_original.js_#28#51,/Users/chaiyong/Downloads/matcha/javascript_files_splits/split_15/51386254/51386254_2_177838890.js_#28#51,/Users/chaiyong/Downloads/matcha/javascript_files_splits/split_15/51386254/51386254_2_recent.js_#21#43,/Users/chaiyong/Downloads/matcha/javascript_files_splits/split_15/51386254/51386254_2_177839264.js_#21#43,/Users/chaiyong/Downloads/matcha/javascript_files_splits/split_16/52711851/52711851_2_recent.js_#27#37,/Users/chaiyong/Downloads/matcha/javascript_files_splits/split_16/52711851/52711851_2_183351684.js_#27#37,/Users/chaiyong/Downloads/matcha/javascript_files_splits/split_14/46732176/46732176_8_recent.js_#2#23,/Users/chaiyong/Downloads/matcha/javascript_files_splits/split_14/46732176/46732176_8_original.js_#2#23,/Users/chaiyong/Downloads/matcha/javascript_files_splits/split_14/46732176/46732176_8_158328734.js_#2#23,/Users/chaiyong/Downloads/matcha/javascript_files_splits/split_14/46732176/46732176_8_158279202.js_#2#23,/Users/chaiyong/Downloads/matcha/javascript_files_splits/split_14/46732176/46732176_8_158278145.js_#2#23,/Users/chaiyong/Downloads/matcha/javascript_files_splits/split_14/46732176/46732176_8_158276630.js_#2#23,/Users/chaiyong/Downloads/matcha/javascript_files_splits/split_16/54991788/54991788_2_original.js_#19#35,/Users/chaiyong/Downloads/matcha/javascript_files_splits/split_16/54991788/54991788_2_192899843.js_#19#35,/Users/chaiyong/Downloads/matcha/javascript_files_splits/split_19/64454112/64454112_2_recent.js_#2#48,/Users/chaiyong/Downloads/matcha/javascript_files_splits/split_19/64454112/64454112_2_original.js_#3#47,/Users/chaiyong/Downloads/matcha/javascript_files_splits/split_19/64454112/64454112_2_233398069.js_#2#48,/Users/chaiyong/Downloads/matcha/javascript_files_splits/split_19/64454112/64454112_2_233298570.js_#2#48,/Users/chaiyong/Downloads/matcha/javascript_files_splits/split_19/64454112/64454112_2_233293189.js_#3#47,/Users/chaiyong/Downloads/matcha/javascript_files_splits/split_19/64454112/64454112_2_233290327.js_#3#47,/Users/chaiyong/Downloads/matcha/javascript_files_splits/split_19/64454112/64454112_2_233251992.js_#3#47,/Users/chaiyong/Downloads/matcha/javascript_files_splits/split_19/64454112/64454112_2_233246143.js_#3#47,/Users/chaiyong/Downloads/matcha/javascript_files_splits/split_19/63586675/63586675_2_recent.js_#2#81,/Users/chaiyong/Downloads/matcha/javascript_files_splits/split_19/63586675/63586675_2_original.js_#2#81,/Users/chaiyong/Downloads/matcha/javascript_files_splits/split_19/63586675/63586675_2_229514785.js_#2#81
/Users/chaiyong/Downloads/matcha/js_repos/next.js/test/e2e/custom-server/pages/index.js_#3#11,/Users/chaiyong/Downloads/matcha/javascript_files_splits/split_14/47661012/47661012_4_recent.js_#31#41,/Users/chaiyong/Downloads/matcha/javascript_files_splits/split_14/47661012/47661012_4_original.js_#30#40,/Users/chaiyong/Downloads/matcha/javascript_files_splits/split_14/47661012/47661012_4_162145309.js_#31#41,/Users/chaiyong/Downloads/matcha/javascript_files_splits/split_14/47661012/47661012_4_162144945.js_#30#40
/Users/chaiyong/Downloads/matcha/js_repos/next.js/test/e2e/middleware-base-path/app/pages/about.js_#1#7,/Users/chaiyong/Downloads/matcha/javascript_files_splits/split_14/45982168/45982168_5_recent.js_#2#8,/Users/chaiyong/Downloads/matcha/javascript_files_splits/split_14/45982168/45982168_5_original.js_#2#8,/Users/chaiyong/Downloads/matcha/javascript_files_splits/split_14/45982168/45982168_5_155176643.js_#2#8,/Users/chaiyong/Downloads/matcha/javascript_files_splits/split_14/45982168/45982168_5_155174995.js_#2#8,/Users/chaiyong/Downloads/matcha/javascript_files_splits/split_14/45982168/45982168_2_recent.js_#2#8,/Users/chaiyong/Downloads/matcha/javascript_files_splits/split_14/45982168/45982168_2_original.js_#2#8,/Users/chaiyong/Downloads/matcha/javascript_files_splits/split_14/45982168/45982168_2_155176643.js_#2#8,/Users/chaiyong/Downloads/matcha/javascript_files_splits/split_14/45982168/45982168_2_155174995.js_#2#8,/Users/chaiyong/Downloads/matcha/javascript_files_splits/split_10/35634489/35634489_2_recent.js_#23#31,/Users/chaiyong/Downloads/matcha/javascript_files_splits/split_10/35634489/35634489_2_original.js_#23#31,/Users/chaiyong/Downloads/matcha/javascript_files_splits/split_10/35634489/35634489_2_111767785.js_#23#31,/Users/chaiyong/Downloads/matcha/javascript_files_splits/split_10/35634489/35634489_2_111767018.js_#23#31,/Users/chaiyong/Downloads/matcha/javascript_files_splits/split_15/51677028/51677028_2_recent.js_#24#50,/Users/chaiyong/Downloads/matcha/javascript_files_splits/split_15/51677028/51677028_2_original.js_#24#50,/Users/chaiyong/Downloads/matcha/javascript_files_splits/split_15/51677028/51677028_2_179043588.js_#24#50,/Users/chaiyong/Downloads/matcha/javascript_files_splits/split_16/54064482/54064482_2_recent.js_#23#35,/Users/chaiyong/Downloads/matcha/javascript_files_splits/split_16/54064482/54064482_2_original.js_#23#35,/Users/chaiyong/Downloads/matcha/javascript_files_splits/split_16/54064482/54064482_2_189038540.js_#23#35,/Users/chaiyong/Downloads/matcha/javascript_files_splits/split_16/54064482/54064482_2_189033554.js_#23#35,/Users/chaiyong/Downloads/matcha/javascript_files_splits/split_13/43816979/43816979_2_recent.js_#14#35,/Users/chaiyong/Downloads/matcha/javascript_files_splits/split_13/43816979/43816979_2_original.js_#14#35,/Users/chaiyong/Downloads/matcha/javascript_files_splits/split_13/43816979/43816979_2_147731532.js_#14#35,/Users/chaiyong/Downloads/matcha/javascript_files_splits/split_13/43816979/43816979_2_144761984.js_#14#35,/Users/chaiyong/Downloads/matcha/javascript_files_splits/split_18/61088761/61088761_4_recent.js_#12#25,/Users/chaiyong/Downloads/matcha/javascript_files_splits/split_18/61088761/61088761_4_original.js_#12#25,/Users/chaiyong/Downloads/matcha/javascript_files_splits/split_18/61088761/61088761_4_218673389.js_#12#25,/Users/chaiyong/Downloads/matcha/javascript_files_splits/split_18/61088761/61088761_4_218672321.js_#12#25,/Users/chaiyong/Downloads/matcha/javascript_files_splits/split_18/60133109/60133109_2_original.js_#14#30,/Users/chaiyong/Downloads/matcha/javascript_files_splits/split_18/60133109/60133109_2_214597855.js_#14#30,/Users/chaiyong/Downloads/matcha/javascript_files_splits/split_17/55759172/55759172_2_original.js_#20#34,/Users/chaiyong/Downloads/matcha/javascript_files_splits/split_17/55759172/55759172_2_196123585.js_#20#34,/Users/chaiyong/Downloads/matcha/javascript_files_splits/split_18/61283490/61283490_6_recent.js_#14#30,/Users/chaiyong/Downloads/matcha/javascript_files_splits/split_18/61283490/61283490_6_original.js_#14#30,/Users/chaiyong/Downloads/matcha/javascript_files_splits/split_18/61283490/61283490_6_219492620.js_#14#30,/Users/chaiyong/Downloads/matcha/javascript_files_splits/split_18/61283490/61283490_6_219492300.js_#14#30,/Users/chaiyong/Downloads/matcha/javascript_files_splits/split_18/61283490/61283490_6_219492007.js_#14#30,/Users/chaiyong/Downloads/matcha/javascript_files_splits/split_18/60133109/60133109_2_recent.js_#19#39,/Users/chaiyong/Downloads/matcha/javascript_files_splits/split_18/60133109/60133109_2_214598060.js_#19#39,/Users/chaiyong/Downloads/matcha/javascript_files_splits/split_14/48220081/48220081_1_recent.js_#23#36,/Users/chaiyong/Downloads/matcha/javascript_files_splits/split_14/48220081/48220081_1_original.js_#23#36,/Users/chaiyong/Downloads/matcha/javascript_files_splits/split_14/48220081/48220081_1_164507014.js_#23#36,/Users/chaiyong/Downloads/matcha/javascript_files_splits/split_14/48220081/48220081_1_164505767.js_#23#36,/Users/chaiyong/Downloads/matcha/javascript_files_splits/split_19/64717589/64717589_4_recent.js_#5#21,/Users/chaiyong/Downloads/matcha/javascript_files_splits/split_19/64717589/64717589_4_original.js_#5#21,/Users/chaiyong/Downloads/matcha/javascript_files_splits/split_19/64717589/64717589_4_234394023.js_#5#21,/Users/chaiyong/Downloads/matcha/javascript_files_splits/split_19/64717589/64717589_4_234389512.js_#5#21
/Users/chaiyong/Downloads/matcha/js_repos/next.js/test/e2e/app-dir/dynamic-css/app/page.js_#3#11,/Users/chaiyong/Downloads/matcha/javascript_files_splits/split_14/47661012/47661012_4_recent.js_#31#41,/Users/chaiyong/Downloads/matcha/javascript_files_splits/split_14/47661012/47661012_4_original.js_#30#40,/Users/chaiyong/Downloads/matcha/javascript_files_splits/split_14/47661012/47661012_4_162145309.js_#31#41,/Users/chaiyong/Downloads/matcha/javascript_files_splits/split_14/47661012/47661012_4_162144945.js_#30#40
/Users/chaiyong/Downloads/matcha/js_repos/next.js/test/e2e/app-dir/next-after-app/app/nodejs/interrupted/incomplete-stream/end/page.js_#1#7,/Users/chaiyong/Downloads/matcha/javascript_files_splits/split_14/48494032/48494032_2_original.js_#42#49,/Users/chaiyong/Downloads/matcha/javascript_files_splits/split_14/48494032/48494032_2_165656618.js_#42#49,/Users/chaiyong/Downloads/matcha/javascript_files_splits/split_14/45982168/45982168_5_recent.js_#2#8,/Users/chaiyong/Downloads/matcha/javascript_files_splits/split_14/45982168/45982168_5_original.js_#2#8,/Users/chaiyong/Downloads/matcha/javascript_files_splits/split_14/45982168/45982168_5_155176643.js_#2#8,/Users/chaiyong/Downloads/matcha/javascript_files_splits/split_14/45982168/45982168_5_155174995.js_#2#8,/Users/chaiyong/Downloads/matcha/javascript_files_splits/split_14/45982168/45982168_2_recent.js_#2#8,/Users/chaiyong/Downloads/matcha/javascript_files_splits/split_14/45982168/45982168_2_original.js_#2#8,/Users/chaiyong/Downloads/matcha/javascript_files_splits/split_14/45982168/45982168_2_155176643.js_#2#8,/Users/chaiyong/Downloads/matcha/javascript_files_splits/split_14/45982168/45982168_2_155174995.js_#2#8,/Users/chaiyong/Downloads/matcha/javascript_files_splits/split_14/48494032/48494032_2_recent.js_#42#49,/Users/chaiyong/Downloads/matcha/javascript_files_splits/split_14/48494032/48494032_2_166053621.js_#42#49,/Users/chaiyong/Downloads/matcha/javascript_files_splits/split_17/56808161/56808161_12_recent.js_#4#10,/Users/chaiyong/Downloads/matcha/javascript_files_splits/split_17/56808161/56808161_12_original.js_#4#10,/Users/chaiyong/Downloads/matcha/javascript_files_splits/split_17/56808161/56808161_12_220180265.js_#4#10,/Users/chaiyong/Downloads/matcha/javascript_files_splits/split_17/56808161/56808161_12_209148821.js_#4#10,/Users/chaiyong/Downloads/matcha/javascript_files_splits/split_17/56808161/56808161_10_200561777.js_#4#10,/Users/chaiyong/Downloads/matcha/javascript_files_splits/split_17/55167800/55167800_2_recent.js_#11#17,/Users/chaiyong/Downloads/matcha/javascript_files_splits/split_17/55167800/55167800_2_193632446.js_#11#17,/Users/chaiyong/Downloads/matcha/javascript_files_splits/split_10/35506346/35506346_6_recent.js_#2#8,/Users/chaiyong/Downloads/matcha/javascript_files_splits/split_10/35506346/35506346_6_original.js_#2#8,/Users/chaiyong/Downloads/matcha/javascript_files_splits/split_10/35506346/35506346_6_111259930.js_#2#8,/Users/chaiyong/Downloads/matcha/javascript_files_splits/split_18/60140788/60140788_2_recent.js_#5#12,/Users/chaiyong/Downloads/matcha/javascript_files_splits/split_18/60140788/60140788_2_214631784.js_#5#12,/Users/chaiyong/Downloads/matcha/javascript_files_splits/split_11/38583123/38583123_2_original.js_#14#23,/Users/chaiyong/Downloads/matcha/javascript_files_splits/split_11/38583123/38583123_2_123463700.js_#14#23,/Users/chaiyong/Downloads/matcha/javascript_files_splits/split_10/35634489/35634489_2_recent.js_#23#31,/Users/chaiyong/Downloads/matcha/javascript_files_splits/split_10/35634489/35634489_2_original.js_#23#31,/Users/chaiyong/Downloads/matcha/javascript_files_splits/split_10/35634489/35634489_2_111767785.js_#23#31,/Users/chaiyong/Downloads/matcha/javascript_files_splits/split_10/35634489/35634489_2_111767018.js_#23#31,/Users/chaiyong/Downloads/matcha/javascript_files_splits/split_18/59115215/59115215_6_original.js_#14#23,/Users/chaiyong/Downloads/matcha/javascript_files_splits/split_18/59115215/59115215_6_210280575.js_#14#23,/Users/chaiyong/Downloads/matcha/javascript_files_splits/split_10/36672090/36672090_6_recent.js_#2#9,/Users/chaiyong/Downloads/matcha/javascript_files_splits/split_10/36672090/36672090_6_116009018.js_#2#9,/Users/chaiyong/Downloads/matcha/javascript_files_splits/split_10/36672090/36672090_2_115895570.js_#2#9,/Users/chaiyong/Downloads/matcha/javascript_files_splits/split_16/54064482/54064482_2_recent.js_#23#35,/Users/chaiyong/Downloads/matcha/javascript_files_splits/split_16/54064482/54064482_2_original.js_#23#35,/Users/chaiyong/Downloads/matcha/javascript_files_splits/split_16/54064482/54064482_2_189038540.js_#23#35,/Users/chaiyong/Downloads/matcha/javascript_files_splits/split_16/54064482/54064482_2_189033554.js_#23#35,/Users/chaiyong/Downloads/matcha/javascript_files_splits/split_10/36652129/36652129_4_recent.js_#2#11,/Users/chaiyong/Downloads/matcha/javascript_files_splits/split_10/36652129/36652129_4_original.js_#2#11,/Users/chaiyong/Downloads/matcha/javascript_files_splits/split_10/36652129/36652129_4_187512563.js_#2#11,/Users/chaiyong/Downloads/matcha/javascript_files_splits/split_10/36652129/36652129_4_115808825.js_#2#11,/Users/chaiyong/Downloads/matcha/javascript_files_splits/split_18/61088761/61088761_4_recent.js_#12#25,/Users/chaiyong/Downloads/matcha/javascript_files_splits/split_18/61088761/61088761_4_original.js_#12#25,/Users/chaiyong/Downloads/matcha/javascript_files_splits/split_18/61088761/61088761_4_218673389.js_#12#25,/Users/chaiyong/Downloads/matcha/javascript_files_splits/split_18/61088761/61088761_4_218672321.js_#12#25,/Users/chaiyong/Downloads/matcha/javascript_files_splits/split_12/41223425/41223425_2_recent.js_#18#24,/Users/chaiyong/Downloads/matcha/javascript_files_splits/split_12/41223425/41223425_2_original.js_#18#24,/Users/chaiyong/Downloads/matcha/javascript_files_splits/split_12/41223425/41223425_2_158004503.js_#18#24,/Users/chaiyong/Downloads/matcha/javascript_files_splits/split_12/41223425/41223425_2_142094985.js_#18#24,/Users/chaiyong/Downloads/matcha/javascript_files_splits/split_12/41223425/41223425_2_134166616.js_#18#24,/Users/chaiyong/Downloads/matcha/javascript_files_splits/split_19/64717589/64717589_4_recent.js_#5#21,/Users/chaiyong/Downloads/matcha/javascript_files_splits/split_19/64717589/64717589_4_original.js_#5#21,/Users/chaiyong/Downloads/matcha/javascript_files_splits/split_19/64717589/64717589_4_234394023.js_#5#21,/Users/chaiyong/Downloads/matcha/javascript_files_splits/split_19/64717589/64717589_4_234389512.js_#5#21,/Users/chaiyong/Downloads/matcha/javascript_files_splits/split_17/55759172/55759172_2_original.js_#20#34,/Users/chaiyong/Downloads/matcha/javascript_files_splits/split_17/55759172/55759172_2_196123585.js_#20#34,/Users/chaiyong/Downloads/matcha/javascript_files_splits/split_13/44015967/44015967_2_recent.js_#21#29,/Users/chaiyong/Downloads/matcha/javascript_files_splits/split_13/44015967/44015967_2_original.js_#21#29,/Users/chaiyong/Downloads/matcha/javascript_files_splits/split_13/44015967/44015967_2_145552595.js_#21#29,/Users/chaiyong/Downloads/matcha/javascript_files_splits/split_13/44015967/44015967_2_145552421.js_#21#29,/Users/chaiyong/Downloads/matcha/javascript_files_splits/split_15/51677028/51677028_2_recent.js_#24#50,/Users/chaiyong/Downloads/matcha/javascript_files_splits/split_15/51677028/51677028_2_original.js_#24#50,/Users/chaiyong/Downloads/matcha/javascript_files_splits/split_15/51677028/51677028_2_179043588.js_#24#50,/Users/chaiyong/Downloads/matcha/javascript_files_splits/split_14/46049991/46049991_2_recent.js_#3#11,/Users/chaiyong/Downloads/matcha/javascript_files_splits/split_14/46049991/46049991_2_original.js_#3#11,/Users/chaiyong/Downloads/matcha/javascript_files_splits/split_14/46049991/46049991_2_155464505.js_#3#11,/Users/chaiyong/Downloads/matcha/javascript_files_splits/split_14/46049991/46049991_2_155462109.js_#3#11,/Users/chaiyong/Downloads/matcha/javascript_files_splits/split_14/46049991/46049991_2_155461769.js_#3#11,/Users/chaiyong/Downloads/matcha/javascript_files_splits/split_14/48220081/48220081_1_recent.js_#23#36,/Users/chaiyong/Downloads/matcha/javascript_files_splits/split_14/48220081/48220081_1_original.js_#23#36,/Users/chaiyong/Downloads/matcha/javascript_files_splits/split_14/48220081/48220081_1_164507014.js_#23#36,/Users/chaiyong/Downloads/matcha/javascript_files_splits/split_14/48220081/48220081_1_164505767.js_#23#36
/Users/chaiyong/Downloads/matcha/js_repos/next.js/test/e2e/app-dir/app-prefetch/app/prefetch-dynamic-usage/(protected)/bar/page.js_#3#9,/Users/chaiyong/Downloads/matcha/javascript_files_splits/split_14/47661012/47661012_4_recent.js_#31#41,/Users/chaiyong/Downloads/matcha/javascript_files_splits/split_14/47661012/47661012_4_original.js_#30#40,/Users/chaiyong/Downloads/matcha/javascript_files_splits/split_14/47661012/47661012_4_162145309.js_#31#41,/Users/chaiyong/Downloads/matcha/javascript_files_splits/split_14/47661012/47661012_4_162144945.js_#30#40
/Users/chaiyong/Downloads/matcha/js_repos/next.js/test/e2e/app-dir/rsc-basic/app/reexport-named/client.js_#3#9,/Users/chaiyong/Downloads/matcha/javascript_files_splits/split_14/45982168/45982168_5_recent.js_#2#8,/Users/chaiyong/Downloads/matcha/javascript_files_splits/split_14/45982168/45982168_5_original.js_#2#8,/Users/chaiyong/Downloads/matcha/javascript_files_splits/split_14/45982168/45982168_5_155176643.js_#2#8,/Users/chaiyong/Downloads/matcha/javascript_files_splits/split_14/45982168/45982168_5_155174995.js_#2#8,/Users/chaiyong/Downloads/matcha/javascript_files_splits/split_14/45982168/45982168_2_recent.js_#2#8,/Users/chaiyong/Downloads/matcha/javascript_files_splits/split_14/45982168/45982168_2_original.js_#2#8,/Users/chaiyong/Downloads/matcha/javascript_files_splits/split_14/45982168/45982168_2_155176643.js_#2#8,/Users/chaiyong/Downloads/matcha/javascript_files_splits/split_14/45982168/45982168_2_155174995.js_#2#8,/Users/chaiyong/Downloads/matcha/javascript_files_splits/split_10/35634489/35634489_2_recent.js_#23#31,/Users/chaiyong/Downloads/matcha/javascript_files_splits/split_10/35634489/35634489_2_original.js_#23#31,/Users/chaiyong/Downloads/matcha/javascript_files_splits/split_10/35634489/35634489_2_111767785.js_#23#31,/Users/chaiyong/Downloads/matcha/javascript_files_splits/split_10/35634489/35634489_2_111767018.js_#23#31,/Users/chaiyong/Downloads/matcha/javascript_files_splits/split_15/51677028/51677028_2_recent.js_#24#50,/Users/chaiyong/Downloads/matcha/javascript_files_splits/split_15/51677028/51677028_2_original.js_#24#50,/Users/chaiyong/Downloads/matcha/javascript_files_splits/split_15/51677028/51677028_2_179043588.js_#24#50,/Users/chaiyong/Downloads/matcha/javascript_files_splits/split_16/54064482/54064482_2_recent.js_#23#35,/Users/chaiyong/Downloads/matcha/javascript_files_splits/split_16/54064482/54064482_2_original.js_#23#35,/Users/chaiyong/Downloads/matcha/javascript_files_splits/split_16/54064482/54064482_2_189038540.js_#23#35,/Users/chaiyong/Downloads/matcha/javascript_files_splits/split_16/54064482/54064482_2_189033554.js_#23#35,/Users/chaiyong/Downloads/matcha/javascript_files_splits/split_18/61088761/61088761_4_recent.js_#12#25,/Users/chaiyong/Downloads/matcha/javascript_files_splits/split_18/61088761/61088761_4_original.js_#12#25,/Users/chaiyong/Downloads/matcha/javascript_files_splits/split_18/61088761/61088761_4_218673389.js_#12#25,/Users/chaiyong/Downloads/matcha/javascript_files_splits/split_18/61088761/61088761_4_218672321.js_#12#25,/Users/chaiyong/Downloads/matcha/javascript_files_splits/split_13/43816979/43816979_2_recent.js_#14#35,/Users/chaiyong/Downloads/matcha/javascript_files_splits/split_13/43816979/43816979_2_original.js_#14#35,/Users/chaiyong/Downloads/matcha/javascript_files_splits/split_13/43816979/43816979_2_147731532.js_#14#35,/Users/chaiyong/Downloads/matcha/javascript_files_splits/split_13/43816979/43816979_2_144761984.js_#14#35,/Users/chaiyong/Downloads/matcha/javascript_files_splits/split_18/60133109/60133109_2_original.js_#14#30,/Users/chaiyong/Downloads/matcha/javascript_files_splits/split_18/60133109/60133109_2_214597855.js_#14#30,/Users/chaiyong/Downloads/matcha/javascript_files_splits/split_17/55759172/55759172_2_original.js_#20#34,/Users/chaiyong/Downloads/matcha/javascript_files_splits/split_17/55759172/55759172_2_196123585.js_#20#34,/Users/chaiyong/Downloads/matcha/javascript_files_splits/split_18/61283490/61283490_6_recent.js_#14#30,/Users/chaiyong/Downloads/matcha/javascript_files_splits/split_18/61283490/61283490_6_original.js_#14#30,/Users/chaiyong/Downloads/matcha/javascript_files_splits/split_18/61283490/61283490_6_219492620.js_#14#30,/Users/chaiyong/Downloads/matcha/javascript_files_splits/split_18/61283490/61283490_6_219492300.js_#14#30,/Users/chaiyong/Downloads/matcha/javascript_files_splits/split_18/61283490/61283490_6_219492007.js_#14#30,/Users/chaiyong/Downloads/matcha/javascript_files_splits/split_18/60133109/60133109_2_recent.js_#19#39,/Users/chaiyong/Downloads/matcha/javascript_files_splits/split_18/60133109/60133109_2_214598060.js_#19#39,/Users/chaiyong/Downloads/matcha/javascript_files_splits/split_14/48220081/48220081_1_recent.js_#23#36,/Users/chaiyong/Downloads/matcha/javascript_files_splits/split_14/48220081/48220081_1_original.js_#23#36,/Users/chaiyong/Downloads/matcha/javascript_files_splits/split_14/48220081/48220081_1_164507014.js_#23#36,/Users/chaiyong/Downloads/matcha/javascript_files_splits/split_14/48220081/48220081_1_164505767.js_#23#36,/Users/chaiyong/Downloads/matcha/javascript_files_splits/split_19/64717589/64717589_4_recent.js_#5#21,/Users/chaiyong/Downloads/matcha/javascript_files_splits/split_19/64717589/64717589_4_original.js_#5#21,/Users/chaiyong/Downloads/matcha/javascript_files_splits/split_19/64717589/64717589_4_234394023.js_#5#21,/Users/chaiyong/Downloads/matcha/javascript_files_splits/split_19/64717589/64717589_4_234389512.js_#5#21
/Users/chaiyong/Downloads/matcha/js_repos/next.js/test/e2e/app-dir/rsc-basic/pages/edge-pages-react.js_#5#15,/Users/chaiyong/Downloads/matcha/javascript_files_splits/split_15/51812725/51812725_2_original.js_#18#38,/Users/chaiyong/Downloads/matcha/javascript_files_splits/split_15/51812725/51812725_2_179615376.js_#18#38,/Users/chaiyong/Downloads/matcha/javascript_files_splits/split_18/59071336/59071336_2_original.js_#30#62,/Users/chaiyong/Downloads/matcha/javascript_files_splits/split_18/59071336/59071336_2_210091102.js_#30#62
/Users/chaiyong/Downloads/matcha/js_repos/next.js/test/e2e/app-dir/rsc-basic/pages/pages-react.js_#5#15,/Users/chaiyong/Downloads/matcha/javascript_files_splits/split_15/51812725/51812725_2_original.js_#18#38,/Users/chaiyong/Downloads/matcha/javascript_files_splits/split_15/51812725/51812725_2_179615376.js_#18#38,/Users/chaiyong/Downloads/matcha/javascript_files_splits/split_18/59071336/59071336_2_original.js_#30#62,/Users/chaiyong/Downloads/matcha/javascript_files_splits/split_18/59071336/59071336_2_210091102.js_#30#62
/Users/chaiyong/Downloads/matcha/js_repos/next.js/test/e2e/app-dir/app/app/dashboard/layout.js_#4#11,/Users/chaiyong/Downloads/matcha/javascript_files_splits/split_12/42468781/42468781_4_recent.js_#2#11,/Users/chaiyong/Downloads/matcha/javascript_files_splits/split_12/42468781/42468781_4_139325351.js_#2#11,/Users/chaiyong/Downloads/matcha/javascript_files_splits/split_12/42385417/42385417_4_recent.js_#8#19,/Users/chaiyong/Downloads/matcha/javascript_files_splits/split_12/42385417/42385417_4_138999743.js_#8#19
/Users/chaiyong/Downloads/matcha/js_repos/next.js/test/e2e/app-dir/app-client-cache/fixtures/parallel-routes/app/layout.js_#1#12,/Users/chaiyong/Downloads/matcha/javascript_files_splits/split_15/51677028/51677028_2_recent.js_#24#50,/Users/chaiyong/Downloads/matcha/javascript_files_splits/split_15/51677028/51677028_2_original.js_#24#50,/Users/chaiyong/Downloads/matcha/javascript_files_splits/split_15/51677028/51677028_2_179043588.js_#24#50,/Users/chaiyong/Downloads/matcha/javascript_files_splits/split_15/51587832/51587832_2_recent.js_#1#11,/Users/chaiyong/Downloads/matcha/javascript_files_splits/split_15/51587832/51587832_2_original.js_#1#11,/Users/chaiyong/Downloads/matcha/javascript_files_splits/split_15/51587832/51587832_2_178687867.js_#1#11,/Users/chaiyong/Downloads/matcha/javascript_files_splits/split_15/51587832/51587832_2_178682138.js_#1#11,/Users/chaiyong/Downloads/matcha/javascript_files_splits/split_16/54991788/54991788_2_192901834.js_#19#37
/Users/chaiyong/Downloads/matcha/js_repos/next.js/test/e2e/app-dir/app-client-cache/fixtures/regular/app/[id]/loading.js_#1#9,/Users/chaiyong/Downloads/matcha/javascript_files_splits/split_14/48494032/48494032_2_recent.js_#42#49,/Users/chaiyong/Downloads/matcha/javascript_files_splits/split_14/48494032/48494032_2_166053621.js_#42#49,/Users/chaiyong/Downloads/matcha/javascript_files_splits/split_13/44833743/44833743_2_recent.js_#9#26,/Users/chaiyong/Downloads/matcha/javascript_files_splits/split_13/44833743/44833743_2_original.js_#9#26,/Users/chaiyong/Downloads/matcha/javascript_files_splits/split_13/44833743/44833743_2_203038853.js_#9#26,/Users/chaiyong/Downloads/matcha/javascript_files_splits/split_13/44833743/44833743_2_150505291.js_#9#26,/Users/chaiyong/Downloads/matcha/javascript_files_splits/split_13/44833743/44833743_2_150504819.js_#9#26,/Users/chaiyong/Downloads/matcha/javascript_files_splits/split_19/63023748/63023748_2_recent.js_#3#27,/Users/chaiyong/Downloads/matcha/javascript_files_splits/split_19/63023748/63023748_2_original.js_#3#27,/Users/chaiyong/Downloads/matcha/javascript_files_splits/split_19/63023748/63023748_2_227133987.js_#3#27,/Users/chaiyong/Downloads/matcha/javascript_files_splits/split_19/63023748/63023748_2_227133669.js_#3#27,/Users/chaiyong/Downloads/matcha/javascript_files_splits/split_19/63023748/63023748_2_227133445.js_#3#27,/Users/chaiyong/Downloads/matcha/javascript_files_splits/split_18/60319435/60319435_2_recent.js_#3#23,/Users/chaiyong/Downloads/matcha/javascript_files_splits/split_18/60319435/60319435_2_original.js_#3#23,/Users/chaiyong/Downloads/matcha/javascript_files_splits/split_18/60319435/60319435_2_215378711.js_#3#23,/Users/chaiyong/Downloads/matcha/javascript_files_splits/split_18/60319435/60319435_2_215377257.js_#3#23,/Users/chaiyong/Downloads/matcha/javascript_files_splits/split_18/60319435/60319435_2_215375992.js_#3#23
/Users/chaiyong/Downloads/matcha/js_repos/next.js/test/e2e/app-dir/dynamic-data/fixtures/require-static/app/search/page.js_#12#19,/Users/chaiyong/Downloads/matcha/javascript_files_splits/split_19/61959582/61959582_2_recent.js_#3#118,/Users/chaiyong/Downloads/matcha/javascript_files_splits/split_19/61959582/61959582_2_222316090.js_#3#118
/Users/chaiyong/Downloads/matcha/js_repos/next.js/test/e2e/app-dir/scss/npm-import/pages/index.js_#1#7,/Users/chaiyong/Downloads/matcha/javascript_files_splits/split_16/52199573/52199573_2_181221318.js_#17#25,/Users/chaiyong/Downloads/matcha/javascript_files_splits/split_16/52199573/52199573_10_recent.js_#16#24,/Users/chaiyong/Downloads/matcha/javascript_files_splits/split_16/52199573/52199573_10_original.js_#17#25,/Users/chaiyong/Downloads/matcha/javascript_files_splits/split_16/52199573/52199573_10_181222616.js_#16#24,/Users/chaiyong/Downloads/matcha/javascript_files_splits/split_16/52199573/52199573_10_181221839.js_#17#25,/Users/chaiyong/Downloads/matcha/javascript_files_splits/split_15/51677028/51677028_2_recent.js_#24#50,/Users/chaiyong/Downloads/matcha/javascript_files_splits/split_15/51677028/51677028_2_original.js_#24#50,/Users/chaiyong/Downloads/matcha/javascript_files_splits/split_15/51677028/51677028_2_179043588.js_#24#50,/Users/chaiyong/Downloads/matcha/javascript_files_splits/split_12/41865483/41865483_4_recent.js_#12#27,/Users/chaiyong/Downloads/matcha/javascript_files_splits/split_12/41865483/41865483_4_original.js_#13#28,/Users/chaiyong/Downloads/matcha/javascript_files_splits/split_12/41865483/41865483_4_136874082.js_#12#27,/Users/chaiyong/Downloads/matcha/javascript_files_splits/split_12/41865483/41865483_2_136873696.js_#12#27,/Users/chaiyong/Downloads/matcha/javascript_files_splits/split_12/41865483/41865483_2_136872468.js_#13#28,/Users/chaiyong/Downloads/matcha/javascript_files_splits/split_12/41865483/41865483_2_136872218.js_#13#28,/Users/chaiyong/Downloads/matcha/javascript_files_splits/split_14/46849743/46849743_6_recent.js_#11#21,/Users/chaiyong/Downloads/matcha/javascript_files_splits/split_14/46849743/46849743_6_original.js_#11#21,/Users/chaiyong/Downloads/matcha/javascript_files_splits/split_14/46849743/46849743_6_158765056.js_#11#21,/Users/chaiyong/Downloads/matcha/javascript_files_splits/split_14/46849743/46849743_6_158764800.js_#11#21,/Users/chaiyong/Downloads/matcha/javascript_files_splits/split_15/49427725/49427725_2_recent.js_#4#38,/Users/chaiyong/Downloads/matcha/javascript_files_splits/split_15/49427725/49427725_2_169564096.js_#4#38,/Users/chaiyong/Downloads/matcha/javascript_files_splits/split_14/46642915/46642915_2_recent.js_#5#22,/Users/chaiyong/Downloads/matcha/javascript_files_splits/split_14/46642915/46642915_2_original.js_#5#22,/Users/chaiyong/Downloads/matcha/javascript_files_splits/split_14/46642915/46642915_2_157921521.js_#5#22,/Users/chaiyong/Downloads/matcha/javascript_files_splits/split_14/46642915/46642915_2_157921049.js_#5#22,/Users/chaiyong/Downloads/matcha/javascript_files_splits/split_16/54991788/54991788_2_192901834.js_#19#37
/Users/chaiyong/Downloads/matcha/js_repos/next.js/test/e2e/app-dir/scss/npm-import-tilde/pages/index.js_#1#7,/Users/chaiyong/Downloads/matcha/javascript_files_splits/split_16/52199573/52199573_2_181221318.js_#17#25,/Users/chaiyong/Downloads/matcha/javascript_files_splits/split_16/52199573/52199573_10_recent.js_#16#24,/Users/chaiyong/Downloads/matcha/javascript_files_splits/split_16/52199573/52199573_10_original.js_#17#25,/Users/chaiyong/Downloads/matcha/javascript_files_splits/split_16/52199573/52199573_10_181222616.js_#16#24,/Users/chaiyong/Downloads/matcha/javascript_files_splits/split_16/52199573/52199573_10_181221839.js_#17#25,/Users/chaiyong/Downloads/matcha/javascript_files_splits/split_15/51677028/51677028_2_recent.js_#24#50,/Users/chaiyong/Downloads/matcha/javascript_files_splits/split_15/51677028/51677028_2_original.js_#24#50,/Users/chaiyong/Downloads/matcha/javascript_files_splits/split_15/51677028/51677028_2_179043588.js_#24#50,/Users/chaiyong/Downloads/matcha/javascript_files_splits/split_12/41865483/41865483_4_recent.js_#12#27,/Users/chaiyong/Downloads/matcha/javascript_files_splits/split_12/41865483/41865483_4_original.js_#13#28,/Users/chaiyong/Downloads/matcha/javascript_files_splits/split_12/41865483/41865483_4_136874082.js_#12#27,/Users/chaiyong/Downloads/matcha/javascript_files_splits/split_12/41865483/41865483_2_136873696.js_#12#27,/Users/chaiyong/Downloads/matcha/javascript_files_splits/split_12/41865483/41865483_2_136872468.js_#13#28,/Users/chaiyong/Downloads/matcha/javascript_files_splits/split_12/41865483/41865483_2_136872218.js_#13#28,/Users/chaiyong/Downloads/matcha/javascript_files_splits/split_14/46849743/46849743_6_recent.js_#11#21,/Users/chaiyong/Downloads/matcha/javascript_files_splits/split_14/46849743/46849743_6_original.js_#11#21,/Users/chaiyong/Downloads/matcha/javascript_files_splits/split_14/46849743/46849743_6_158765056.js_#11#21,/Users/chaiyong/Downloads/matcha/javascript_files_splits/split_14/46849743/46849743_6_158764800.js_#11#21,/Users/chaiyong/Downloads/matcha/javascript_files_splits/split_15/49427725/49427725_2_recent.js_#4#38,/Users/chaiyong/Downloads/matcha/javascript_files_splits/split_15/49427725/49427725_2_169564096.js_#4#38,/Users/chaiyong/Downloads/matcha/javascript_files_splits/split_14/46642915/46642915_2_recent.js_#5#22,/Users/chaiyong/Downloads/matcha/javascript_files_splits/split_14/46642915/46642915_2_original.js_#5#22,/Users/chaiyong/Downloads/matcha/javascript_files_splits/split_14/46642915/46642915_2_157921521.js_#5#22,/Users/chaiyong/Downloads/matcha/javascript_files_splits/split_14/46642915/46642915_2_157921049.js_#5#22,/Users/chaiyong/Downloads/matcha/javascript_files_splits/split_16/54991788/54991788_2_192901834.js_#19#37
/Users/chaiyong/Downloads/matcha/js_repos/next.js/test/e2e/app-dir/scss/3rd-party-module/pages/index.js_#3#12,/Users/chaiyong/Downloads/matcha/javascript_files_splits/split_15/51386254/51386254_2_original.js_#28#51,/Users/chaiyong/Downloads/matcha/javascript_files_splits/split_15/51386254/51386254_2_177838890.js_#28#51,/Users/chaiyong/Downloads/matcha/javascript_files_splits/split_13/43574789/43574789_2_original.js_#6#31,/Users/chaiyong/Downloads/matcha/javascript_files_splits/split_13/43574789/43574789_2_143796824.js_#6#31,/Users/chaiyong/Downloads/matcha/javascript_files_splits/split_19/63586675/63586675_2_recent.js_#2#81,/Users/chaiyong/Downloads/matcha/javascript_files_splits/split_19/63586675/63586675_2_original.js_#2#81,/Users/chaiyong/Downloads/matcha/javascript_files_splits/split_19/63586675/63586675_2_229514785.js_#2#81,/Users/chaiyong/Downloads/matcha/javascript_files_splits/split_19/61959582/61959582_2_original.js_#1#87,/Users/chaiyong/Downloads/matcha/javascript_files_splits/split_19/61959582/61959582_2_222309302.js_#1#87,/Users/chaiyong/Downloads/matcha/javascript_files_splits/split_19/61959582/61959582_2_222306325.js_#1#87,/Users/chaiyong/Downloads/matcha/javascript_files_splits/split_19/61959582/61959582_2_recent.js_#3#118,/Users/chaiyong/Downloads/matcha/javascript_files_splits/split_19/61959582/61959582_2_222316090.js_#3#118
/Users/chaiyong/Downloads/matcha/js_repos/next.js/test/e2e/app-dir/webpack-loader-resolve/app/page.js_#4#11,/Users/chaiyong/Downloads/matcha/javascript_files_splits/split_19/65076792/65076792_2_recent.js_#9#20,/Users/chaiyong/Downloads/matcha/javascript_files_splits/split_19/65076792/65076792_2_original.js_#9#20,/Users/chaiyong/Downloads/matcha/javascript_files_splits/split_19/65076792/65076792_2_235969559.js_#9#20,/Users/chaiyong/Downloads/matcha/javascript_files_splits/split_19/65076792/65076792_2_235961692.js_#9#20,/Users/chaiyong/Downloads/matcha/javascript_files_splits/split_16/53807046/53807046_2_recent.js_#30#74,/Users/chaiyong/Downloads/matcha/javascript_files_splits/split_16/53807046/53807046_2_original.js_#30#74,/Users/chaiyong/Downloads/matcha/javascript_files_splits/split_16/53807046/53807046_2_189324278.js_#30#74,/Users/chaiyong/Downloads/matcha/javascript_files_splits/split_16/53807046/53807046_2_187945837.js_#30#74,/Users/chaiyong/Downloads/matcha/javascript_files_splits/split_16/53807046/53807046_2_187945651.js_#30#74,/Users/chaiyong/Downloads/matcha/javascript_files_splits/split_18/61283864/61283864_4_recent.js_#1#39,/Users/chaiyong/Downloads/matcha/javascript_files_splits/split_18/61283864/61283864_4_219505780.js_#1#39,/Users/chaiyong/Downloads/matcha/javascript_files_splits/split_17/57961381/57961381_2_recent.js_#1#38,/Users/chaiyong/Downloads/matcha/javascript_files_splits/split_17/57961381/57961381_2_original.js_#1#38,/Users/chaiyong/Downloads/matcha/javascript_files_splits/split_17/57961381/57961381_2_205459452.js_#1#38,/Users/chaiyong/Downloads/matcha/javascript_files_splits/split_17/57961381/57961381_2_205459096.js_#1#38,/Users/chaiyong/Downloads/matcha/javascript_files_splits/split_19/65076792/65076792_2_recent.js_#1#21,/Users/chaiyong/Downloads/matcha/javascript_files_splits/split_19/65076792/65076792_2_original.js_#1#21,/Users/chaiyong/Downloads/matcha/javascript_files_splits/split_19/65076792/65076792_2_235969559.js_#1#21,/Users/chaiyong/Downloads/matcha/javascript_files_splits/split_19/65076792/65076792_2_235961692.js_#1#21
/Users/chaiyong/Downloads/matcha/js_repos/next.js/test/e2e/app-dir/navigation/app/redirect/result/page.js_#1#8,/Users/chaiyong/Downloads/matcha/javascript_files_splits/split_14/48051147/48051147_2_original.js_#26#36,/Users/chaiyong/Downloads/matcha/javascript_files_splits/split_14/48051147/48051147_2_163804149.js_#33#43,/Users/chaiyong/Downloads/matcha/javascript_files_splits/split_14/48051147/48051147_2_163803852.js_#26#36,/Users/chaiyong/Downloads/matcha/javascript_files_splits/split_17/55635273/55635273_2_recent.js_#25#32,/Users/chaiyong/Downloads/matcha/javascript_files_splits/split_17/55635273/55635273_2_original.js_#23#30,/Users/chaiyong/Downloads/matcha/javascript_files_splits/split_17/55635273/55635273_2_195602900.js_#25#32,/Users/chaiyong/Downloads/matcha/javascript_files_splits/split_17/55635273/55635273_2_195600991.js_#23#30,/Users/chaiyong/Downloads/matcha/javascript_files_splits/split_14/48220081/48220081_1_recent.js_#23#36,/Users/chaiyong/Downloads/matcha/javascript_files_splits/split_14/48220081/48220081_1_original.js_#23#36,/Users/chaiyong/Downloads/matcha/javascript_files_splits/split_14/48220081/48220081_1_164507014.js_#23#36,/Users/chaiyong/Downloads/matcha/javascript_files_splits/split_14/48220081/48220081_1_164505767.js_#23#36,/Users/chaiyong/Downloads/matcha/javascript_files_splits/split_16/54991788/54991788_2_original.js_#19#35,/Users/chaiyong/Downloads/matcha/javascript_files_splits/split_16/54991788/54991788_2_192899843.js_#19#35,/Users/chaiyong/Downloads/matcha/javascript_files_splits/split_16/52396272/52396272_2_original.js_#10#31,/Users/chaiyong/Downloads/matcha/javascript_files_splits/split_16/52396272/52396272_2_182042824.js_#10#31,/Users/chaiyong/Downloads/matcha/javascript_files_splits/split_15/51812725/51812725_2_original.js_#18#38,/Users/chaiyong/Downloads/matcha/javascript_files_splits/split_15/51812725/51812725_2_179615376.js_#18#38,/Users/chaiyong/Downloads/matcha/javascript_files_splits/split_17/56889624/56889624_6_recent.js_#4#24,/Users/chaiyong/Downloads/matcha/javascript_files_splits/split_17/56889624/56889624_6_201052254.js_#4#24,/Users/chaiyong/Downloads/matcha/javascript_files_splits/split_19/61959582/61959582_2_original.js_#1#87,/Users/chaiyong/Downloads/matcha/javascript_files_splits/split_19/61959582/61959582_2_222309302.js_#1#87,/Users/chaiyong/Downloads/matcha/javascript_files_splits/split_19/61959582/61959582_2_222306325.js_#1#87,/Users/chaiyong/Downloads/matcha/javascript_files_splits/split_19/61959582/61959582_2_recent.js_#3#118,/Users/chaiyong/Downloads/matcha/javascript_files_splits/split_19/61959582/61959582_2_222316090.js_#3#118
/Users/chaiyong/Downloads/matcha/js_repos/next.js/test/e2e/app-dir/app-a11y/app/page-with-h1/page.js_#1#7,/Users/chaiyong/Downloads/matcha/javascript_files_splits/split_14/45982168/45982168_5_recent.js_#2#8,/Users/chaiyong/Downloads/matcha/javascript_files_splits/split_14/45982168/45982168_5_original.js_#2#8,/Users/chaiyong/Downloads/matcha/javascript_files_splits/split_14/45982168/45982168_5_155176643.js_#2#8,/Users/chaiyong/Downloads/matcha/javascript_files_splits/split_14/45982168/45982168_5_155174995.js_#2#8,/Users/chaiyong/Downloads/matcha/javascript_files_splits/split_14/45982168/45982168_2_recent.js_#2#8,/Users/chaiyong/Downloads/matcha/javascript_files_splits/split_14/45982168/45982168_2_original.js_#2#8,/Users/chaiyong/Downloads/matcha/javascript_files_splits/split_14/45982168/45982168_2_155176643.js_#2#8,/Users/chaiyong/Downloads/matcha/javascript_files_splits/split_14/45982168/45982168_2_155174995.js_#2#8,/Users/chaiyong/Downloads/matcha/javascript_files_splits/split_18/61088761/61088761_4_recent.js_#12#25,/Users/chaiyong/Downloads/matcha/javascript_files_splits/split_18/61088761/61088761_4_original.js_#12#25,/Users/chaiyong/Downloads/matcha/javascript_files_splits/split_18/61088761/61088761_4_218673389.js_#12#25,/Users/chaiyong/Downloads/matcha/javascript_files_splits/split_18/61088761/61088761_4_218672321.js_#12#25,/Users/chaiyong/Downloads/matcha/javascript_files_splits/split_19/64717589/64717589_4_recent.js_#5#21,/Users/chaiyong/Downloads/matcha/javascript_files_splits/split_19/64717589/64717589_4_original.js_#5#21,/Users/chaiyong/Downloads/matcha/javascript_files_splits/split_19/64717589/64717589_4_234394023.js_#5#21,/Users/chaiyong/Downloads/matcha/javascript_files_splits/split_19/64717589/64717589_4_234389512.js_#5#21
/Users/chaiyong/Downloads/matcha/js_repos/next.js/test/e2e/app-dir/webpack-loader-binary/app/page.js_#4#11,/Users/chaiyong/Downloads/matcha/javascript_files_splits/split_19/65076792/65076792_2_recent.js_#9#20,/Users/chaiyong/Downloads/matcha/javascript_files_splits/split_19/65076792/65076792_2_original.js_#9#20,/Users/chaiyong/Downloads/matcha/javascript_files_splits/split_19/65076792/65076792_2_235969559.js_#9#20,/Users/chaiyong/Downloads/matcha/javascript_files_splits/split_19/65076792/65076792_2_235961692.js_#9#20,/Users/chaiyong/Downloads/matcha/javascript_files_splits/split_16/53807046/53807046_2_recent.js_#30#74,/Users/chaiyong/Downloads/matcha/javascript_files_splits/split_16/53807046/53807046_2_original.js_#30#74,/Users/chaiyong/Downloads/matcha/javascript_files_splits/split_16/53807046/53807046_2_189324278.js_#30#74,/Users/chaiyong/Downloads/matcha/javascript_files_splits/split_16/53807046/53807046_2_187945837.js_#30#74,/Users/chaiyong/Downloads/matcha/javascript_files_splits/split_16/53807046/53807046_2_187945651.js_#30#74,/Users/chaiyong/Downloads/matcha/javascript_files_splits/split_18/61283864/61283864_4_recent.js_#1#39,/Users/chaiyong/Downloads/matcha/javascript_files_splits/split_18/61283864/61283864_4_219505780.js_#1#39,/Users/chaiyong/Downloads/matcha/javascript_files_splits/split_17/57961381/57961381_2_recent.js_#1#38,/Users/chaiyong/Downloads/matcha/javascript_files_splits/split_17/57961381/57961381_2_original.js_#1#38,/Users/chaiyong/Downloads/matcha/javascript_files_splits/split_17/57961381/57961381_2_205459452.js_#1#38,/Users/chaiyong/Downloads/matcha/javascript_files_splits/split_17/57961381/57961381_2_205459096.js_#1#38,/Users/chaiyong/Downloads/matcha/javascript_files_splits/split_19/65076792/65076792_2_recent.js_#1#21,/Users/chaiyong/Downloads/matcha/javascript_files_splits/split_19/65076792/65076792_2_original.js_#1#21,/Users/chaiyong/Downloads/matcha/javascript_files_splits/split_19/65076792/65076792_2_235969559.js_#1#21,/Users/chaiyong/Downloads/matcha/javascript_files_splits/split_19/65076792/65076792_2_235961692.js_#1#21
/Users/chaiyong/Downloads/matcha/js_repos/next.js/test/e2e/app-dir/app-external/app/optout/action/page.js_#6#20,/Users/chaiyong/Downloads/matcha/javascript_files_splits/split_19/65076792/65076792_2_recent.js_#1#21,/Users/chaiyong/Downloads/matcha/javascript_files_splits/split_19/65076792/65076792_2_original.js_#1#21,/Users/chaiyong/Downloads/matcha/javascript_files_splits/split_19/65076792/65076792_2_235969559.js_#1#21,/Users/chaiyong/Downloads/matcha/javascript_files_splits/split_19/65076792/65076792_2_235961692.js_#1#21
/Users/chaiyong/Downloads/matcha/js_repos/next.js/test/e2e/app-dir/app-external/app/external-imports/server/page.js_#3#9,/Users/chaiyong/Downloads/matcha/javascript_files_splits/split_15/51184927/51184927_4_recent.js_#28#36,/Users/chaiyong/Downloads/matcha/javascript_files_splits/split_15/51184927/51184927_4_original.js_#28#36,/Users/chaiyong/Downloads/matcha/javascript_files_splits/split_15/51184927/51184927_4_177017978.js_#28#36,/Users/chaiyong/Downloads/matcha/javascript_files_splits/split_17/55759172/55759172_2_original.js_#20#34,/Users/chaiyong/Downloads/matcha/javascript_files_splits/split_17/55759172/55759172_2_196123585.js_#20#34,/Users/chaiyong/Downloads/matcha/javascript_files_splits/split_16/52061435/52061435_2_recent.js_#17#30,/Users/chaiyong/Downloads/matcha/javascript_files_splits/split_16/52061435/52061435_2_180650449.js_#17#30,/Users/chaiyong/Downloads/matcha/javascript_files_splits/split_10/35634489/35634489_2_recent.js_#23#31,/Users/chaiyong/Downloads/matcha/javascript_files_splits/split_10/35634489/35634489_2_original.js_#23#31,/Users/chaiyong/Downloads/matcha/javascript_files_splits/split_10/35634489/35634489_2_111767785.js_#23#31,/Users/chaiyong/Downloads/matcha/javascript_files_splits/split_10/35634489/35634489_2_111767018.js_#23#31,/Users/chaiyong/Downloads/matcha/javascript_files_splits/split_17/56973219/56973219_4_recent.js_#26#39,/Users/chaiyong/Downloads/matcha/javascript_files_splits/split_17/56973219/56973219_4_original.js_#26#39,/Users/chaiyong/Downloads/matcha/javascript_files_splits/split_17/56973219/56973219_4_201276636.js_#26#39,/Users/chaiyong/Downloads/matcha/javascript_files_splits/split_17/56973219/56973219_3_201274758.js_#26#39,/Users/chaiyong/Downloads/matcha/javascript_files_splits/split_16/52646355/52646355_2_original.js_#14#26,/Users/chaiyong/Downloads/matcha/javascript_files_splits/split_16/52646355/52646355_2_183079478.js_#14#26,/Users/chaiyong/Downloads/matcha/javascript_files_splits/split_15/51107154/51107154_2_recent.js_#20#28,/Users/chaiyong/Downloads/matcha/javascript_files_splits/split_15/51107154/51107154_2_176619893.js_#20#28,/Users/chaiyong/Downloads/matcha/javascript_files_splits/split_18/59430686/59430686_2_recent.js_#6#12,/Users/chaiyong/Downloads/matcha/javascript_files_splits/split_18/59430686/59430686_2_211616067.js_#6#12,/Users/chaiyong/Downloads/matcha/javascript_files_splits/split_15/51107154/51107154_2_recent.js_#17#31,/Users/chaiyong/Downloads/matcha/javascript_files_splits/split_15/51107154/51107154_2_176619893.js_#17#31,/Users/chaiyong/Downloads/matcha/javascript_files_splits/split_18/61703614/61703614_2_original.js_#34#48,/Users/chaiyong/Downloads/matcha/javascript_files_splits/split_18/61703614/61703614_2_221248394.js_#34#48,/Users/chaiyong/Downloads/matcha/javascript_files_splits/split_13/43153063/43153063_8_original.js_#2#10,/Users/chaiyong/Downloads/matcha/javascript_files_splits/split_13/43153063/43153063_8_142068098.js_#2#10,/Users/chaiyong/Downloads/matcha/javascript_files_splits/split_13/45537611/45537611_14_recent.js_#33#49,/Users/chaiyong/Downloads/matcha/javascript_files_splits/split_13/45537611/45537611_14_153357941.js_#33#49,/Users/chaiyong/Downloads/matcha/javascript_files_splits/split_15/48996823/48996823_5_original.js_#10#16,/Users/chaiyong/Downloads/matcha/javascript_files_splits/split_15/48996823/48996823_5_167761172.js_#10#16,/Users/chaiyong/Downloads/matcha/javascript_files_splits/split_16/52061435/52061435_2_original.js_#17#31,/Users/chaiyong/Downloads/matcha/javascript_files_splits/split_16/52061435/52061435_2_180646336.js_#17#31,/Users/chaiyong/Downloads/matcha/javascript_files_splits/split_12/41503347/41503347_2_original.js_#9#19,/Users/chaiyong/Downloads/matcha/javascript_files_splits/split_12/41503347/41503347_2_135363725.js_#9#19,/Users/chaiyong/Downloads/matcha/javascript_files_splits/split_15/51812725/51812725_2_original.js_#18#38,/Users/chaiyong/Downloads/matcha/javascript_files_splits/split_15/51812725/51812725_2_179615376.js_#18#38,/Users/chaiyong/Downloads/matcha/javascript_files_splits/split_13/45537611/45537611_9_153357276.js_#32#48,/Users/chaiyong/Downloads/matcha/javascript_files_splits/split_13/45537611/45537611_14_original.js_#32#48,/Users/chaiyong/Downloads/matcha/javascript_files_splits/split_16/54991788/54991788_2_192901834.js_#19#37,/Users/chaiyong/Downloads/matcha/javascript_files_splits/split_07/29109365/29109365_4_recent.js_#8#23,/Users/chaiyong/Downloads/matcha/javascript_files_splits/split_07/29109365/29109365_4_86118538.js_#8#23,/Users/chaiyong/Downloads/matcha/javascript_files_splits/split_07/29109365/29109365_4_86076031.js_#8#23,/Users/chaiyong/Downloads/matcha/javascript_files_splits/split_07/29109365/29109365_4_86070448.js_#8#23,/Users/chaiyong/Downloads/matcha/javascript_files_splits/split_07/29109365/29109365_4_86069074.js_#8#23,/Users/chaiyong/Downloads/matcha/javascript_files_splits/split_07/29109365/29109365_4_86067395.js_#8#23,/Users/chaiyong/Downloads/matcha/javascript_files_splits/split_07/29109365/29109365_4_131177069.js_#8#23,/Users/chaiyong/Downloads/matcha/javascript_files_splits/split_07/29109365/29109365_1_86065197.js_#8#22,/Users/chaiyong/Downloads/matcha/javascript_files_splits/split_13/43230714/43230714_8_recent.js_#27#37,/Users/chaiyong/Downloads/matcha/javascript_files_splits/split_13/43230714/43230714_8_196298755.js_#27#37,/Users/chaiyong/Downloads/matcha/javascript_files_splits/split_13/43230714/43230714_8_154898923.js_#27#37,/Users/chaiyong/Downloads/matcha/javascript_files_splits/split_13/43230714/43230714_6_154705521.js_#27#37,/Users/chaiyong/Downloads/matcha/javascript_files_splits/split_13/43140385/43140385_4_recent.js_#7#15,/Users/chaiyong/Downloads/matcha/javascript_files_splits/split_13/43140385/43140385_4_142008196.js_#7#15,/Users/chaiyong/Downloads/matcha/javascript_files_splits/split_11/38862807/38862807_2_recent.js_#21#30,/Users/chaiyong/Downloads/matcha/javascript_files_splits/split_11/38862807/38862807_2_original.js_#21#30,/Users/chaiyong/Downloads/matcha/javascript_files_splits/split_11/38862807/38862807_2_124571895.js_#21#30,/Users/chaiyong/Downloads/matcha/javascript_files_splits/split_11/38862807/38862807_2_124571420.js_#21#30,/Users/chaiyong/Downloads/matcha/javascript_files_splits/split_17/55797932/55797932_2_196300195.js_#19#45,/Users/chaiyong/Downloads/matcha/javascript_files_splits/split_16/52487022/52487022_2_182423647.js_#6#27,/Users/chaiyong/Downloads/matcha/javascript_files_splits/split_14/48210686/48210686_2_recent.js_#11#23,/Users/chaiyong/Downloads/matcha/javascript_files_splits/split_14/48210686/48210686_2_original.js_#11#23,/Users/chaiyong/Downloads/matcha/javascript_files_splits/split_14/48210686/48210686_2_211315526.js_#11#23,/Users/chaiyong/Downloads/matcha/javascript_files_splits/split_14/48210686/48210686_2_164467382.js_#11#23,/Users/chaiyong/Downloads/matcha/javascript_files_splits/split_14/48210686/48210686_2_164466981.js_#11#23,/Users/chaiyong/Downloads/matcha/javascript_files_splits/split_16/52646355/52646355_2_recent.js_#9#31,/Users/chaiyong/Downloads/matcha/javascript_files_splits/split_16/52646355/52646355_2_183089296.js_#9#31,/Users/chaiyong/Downloads/matcha/javascript_files_splits/split_15/51812725/51812725_2_original.js_#21#35,/Users/chaiyong/Downloads/matcha/javascript_files_splits/split_15/51812725/51812725_2_179615376.js_#21#35,/Users/chaiyong/Downloads/matcha/javascript_files_splits/split_11/39608268/39608268_2_127558575.js_#20#50,/Users/chaiyong/Downloads/matcha/javascript_files_splits/split_18/59583769/59583769_4_recent.js_#1#12,/Users/chaiyong/Downloads/matcha/javascript_files_splits/split_18/59583769/59583769_4_original.js_#1#12,/Users/chaiyong/Downloads/matcha/javascript_files_splits/split_18/59583769/59583769_4_212337628.js_#1#12,/Users/chaiyong/Downloads/matcha/javascript_files_splits/split_18/59583769/59583769_4_212281043.js_#1#12,/Users/chaiyong/Downloads/matcha/javascript_files_splits/split_18/59583769/59583769_4_212280433.js_#1#12,/Users/chaiyong/Downloads/matcha/javascript_files_splits/split_18/58846952/58846952_2_209162846.js_#1#10,/Users/chaiyong/Downloads/matcha/javascript_files_splits/split_18/58846952/58846952_1_original.js_#1#10,/Users/chaiyong/Downloads/matcha/javascript_files_splits/split_17/55797932/55797932_2_recent.js_#25#42,/Users/chaiyong/Downloads/matcha/javascript_files_splits/split_17/55797932/55797932_2_196300564.js_#25#42,/Users/chaiyong/Downloads/matcha/javascript_files_splits/split_17/55797932/55797932_2_196300195.js_#25#42,/Users/chaiyong/Downloads/matcha/javascript_files_splits/split_16/54064482/54064482_2_recent.js_#23#35,/Users/chaiyong/Downloads/matcha/javascript_files_splits/split_16/54064482/54064482_2_original.js_#23#35,/Users/chaiyong/Downloads/matcha/javascript_files_splits/split_16/54064482/54064482_2_189038540.js_#23#35,/Users/chaiyong/Downloads/matcha/javascript_files_splits/split_16/54064482/54064482_2_189033554.js_#23#35,/Users/chaiyong/Downloads/matcha/javascript_files_splits/split_15/51812725/51812725_2_recent.js_#21#54,/Users/chaiyong/Downloads/matcha/javascript_files_splits/split_15/51812725/51812725_2_210517528.js_#21#54,/Users/chaiyong/Downloads/matcha/javascript_files_splits/split_15/51583592/51583592_2_recent.js_#20#34,/Users/chaiyong/Downloads/matcha/javascript_files_splits/split_15/51583592/51583592_2_original.js_#20#34,/Users/chaiyong/Downloads/matcha/javascript_files_splits/split_15/51583592/51583592_2_178665046.js_#20#34,/Users/chaiyong/Downloads/matcha/javascript_files_splits/split_15/51583592/51583592_2_178664878.js_#20#34,/Users/chaiyong/Downloads/matcha/javascript_files_splits/split_15/51583592/51583592_2_178663959.js_#20#34,/Users/chaiyong/Downloads/matcha/javascript_files_splits/split_17/57804267/57804267_4_recent.js_#209#222,/Users/chaiyong/Downloads/matcha/javascript_files_splits/split_17/57804267/57804267_4_original.js_#209#222,/Users/chaiyong/Downloads/matcha/javascript_files_splits/split_17/57804267/57804267_4_204800086.js_#209#222,/Users/chaiyong/Downloads/matcha/javascript_files_splits/split_17/57804267/57804267_4_204796202.js_#209#222,/Users/chaiyong/Downloads/matcha/javascript_files_splits/split_17/57804267/57804267_4_204795448.js_#209#222,/Users/chaiyong/Downloads/matcha/javascript_files_splits/split_18/60133109/60133109_2_original.js_#15#23,/Users/chaiyong/Downloads/matcha/javascript_files_splits/split_18/60133109/60133109_2_214597855.js_#15#23,/Users/chaiyong/Downloads/matcha/javascript_files_splits/split_14/46666416/46666416_2_recent.js_#17#37,/Users/chaiyong/Downloads/matcha/javascript_files_splits/split_14/46666416/46666416_2_158017123.js_#17#37
/Users/chaiyong/Downloads/matcha/js_repos/next.js/test/e2e/app-dir/webpack-loader-fs/app/page.js_#3#9,/Users/chaiyong/Downloads/matcha/javascript_files_splits/split_10/35634489/35634489_2_recent.js_#23#31,/Users/chaiyong/Downloads/matcha/javascript_files_splits/split_10/35634489/35634489_2_original.js_#23#31,/Users/chaiyong/Downloads/matcha/javascript_files_splits/split_10/35634489/35634489_2_111767785.js_#23#31,/Users/chaiyong/Downloads/matcha/javascript_files_splits/split_10/35634489/35634489_2_111767018.js_#23#31,/Users/chaiyong/Downloads/matcha/javascript_files_splits/split_17/55759172/55759172_2_original.js_#20#34,/Users/chaiyong/Downloads/matcha/javascript_files_splits/split_17/55759172/55759172_2_196123585.js_#20#34,/Users/chaiyong/Downloads/matcha/javascript_files_splits/split_16/54991788/54991788_2_192901834.js_#19#37,/Users/chaiyong/Downloads/matcha/javascript_files_splits/split_19/64418614/64418614_4_recent.js_#8#26,/Users/chaiyong/Downloads/matcha/javascript_files_splits/split_19/64418614/64418614_4_original.js_#8#26,/Users/chaiyong/Downloads/matcha/javascript_files_splits/split_19/64418614/64418614_4_233094432.js_#8#26,/Users/chaiyong/Downloads/matcha/javascript_files_splits/split_19/64418614/64418614_2_233094200.js_#8#26,/Users/chaiyong/Downloads/matcha/javascript_files_splits/split_16/54991788/54991788_2_original.js_#19#35,/Users/chaiyong/Downloads/matcha/javascript_files_splits/split_16/54991788/54991788_2_192899843.js_#19#35,/Users/chaiyong/Downloads/matcha/javascript_files_splits/split_07/29109365/29109365_4_recent.js_#8#23,/Users/chaiyong/Downloads/matcha/javascript_files_splits/split_07/29109365/29109365_4_86118538.js_#8#23,/Users/chaiyong/Downloads/matcha/javascript_files_splits/split_07/29109365/29109365_4_86076031.js_#8#23,/Users/chaiyong/Downloads/matcha/javascript_files_splits/split_07/29109365/29109365_4_86070448.js_#8#23,/Users/chaiyong/Downloads/matcha/javascript_files_splits/split_07/29109365/29109365_4_86069074.js_#8#23,/Users/chaiyong/Downloads/matcha/javascript_files_splits/split_07/29109365/29109365_4_86067395.js_#8#23,/Users/chaiyong/Downloads/matcha/javascript_files_splits/split_07/29109365/29109365_4_131177069.js_#8#23,/Users/chaiyong/Downloads/matcha/javascript_files_splits/split_07/29109365/29109365_1_86065197.js_#8#22,/Users/chaiyong/Downloads/matcha/javascript_files_splits/split_18/61283864/61283864_6_219497437.js_#3#38,/Users/chaiyong/Downloads/matcha/javascript_files_splits/split_18/61283864/61283864_6_219497229.js_#3#38,/Users/chaiyong/Downloads/matcha/javascript_files_splits/split_18/61283864/61283864_6_219496673.js_#3#38,/Users/chaiyong/Downloads/matcha/javascript_files_splits/split_18/61283864/61283864_4_219500769.js_#3#38,/Users/chaiyong/Downloads/matcha/javascript_files_splits/split_18/61283864/61283864_4_219498689.js_#3#38,/Users/chaiyong/Downloads/matcha/javascript_files_splits/split_18/61283864/61283864_4_219498213.js_#3#38,/Users/chaiyong/Downloads/matcha/javascript_files_splits/split_16/54064482/54064482_2_recent.js_#23#35,/Users/chaiyong/Downloads/matcha/javascript_files_splits/split_16/54064482/54064482_2_original.js_#23#35,/Users/chaiyong/Downloads/matcha/javascript_files_splits/split_16/54064482/54064482_2_189038540.js_#23#35,/Users/chaiyong/Downloads/matcha/javascript_files_splits/split_16/54064482/54064482_2_189033554.js_#23#35,/Users/chaiyong/Downloads/matcha/javascript_files_splits/split_18/59071336/59071336_2_original.js_#30#62,/Users/chaiyong/Downloads/matcha/javascript_files_splits/split_18/59071336/59071336_2_210091102.js_#30#62,/Users/chaiyong/Downloads/matcha/javascript_files_splits/split_18/61283864/61283864_4_recent.js_#1#39,/Users/chaiyong/Downloads/matcha/javascript_files_splits/split_18/61283864/61283864_4_219505780.js_#1#39,/Users/chaiyong/Downloads/matcha/javascript_files_splits/split_15/51812725/51812725_2_original.js_#18#38,/Users/chaiyong/Downloads/matcha/javascript_files_splits/split_15/51812725/51812725_2_179615376.js_#18#38,/Users/chaiyong/Downloads/matcha/javascript_files_splits/split_18/59071336/59071336_2_recent.js_#30#54,/Users/chaiyong/Downloads/matcha/javascript_files_splits/split_18/59071336/59071336_2_210091630.js_#30#54,/Users/chaiyong/Downloads/matcha/javascript_files_splits/split_19/64141892/64141892_2_recent.js_#2#52,/Users/chaiyong/Downloads/matcha/javascript_files_splits/split_19/64141892/64141892_2_original.js_#2#52,/Users/chaiyong/Downloads/matcha/javascript_files_splits/split_19/64141892/64141892_2_232223894.js_#2#52
/Users/chaiyong/Downloads/matcha/js_repos/next.js/test/e2e/app-dir/app-css/app/css/css-external/page.js_#3#9,/Users/chaiyong/Downloads/matcha/javascript_files_splits/split_11/38196076/38196076_4_recent.js_#2#8,/Users/chaiyong/Downloads/matcha/javascript_files_splits/split_11/38196076/38196076_4_original.js_#2#8,/Users/chaiyong/Downloads/matcha/javascript_files_splits/split_11/38196076/38196076_4_152831636.js_#2#8,/Users/chaiyong/Downloads/matcha/javascript_files_splits/split_11/38196076/38196076_4_152831398.js_#2#8,/Users/chaiyong/Downloads/matcha/javascript_files_splits/split_11/38196076/38196076_4_121926768.js_#2#8
/Users/chaiyong/Downloads/matcha/js_repos/next.js/test/e2e/app-dir/app-css/app/deep/ly/nest/ed/page.js_#3#9,/Users/chaiyong/Downloads/matcha/javascript_files_splits/split_15/50284327/50284327_2_recent.js_#3#9,/Users/chaiyong/Downloads/matcha/javascript_files_splits/split_15/50284327/50284327_2_original.js_#3#9,/Users/chaiyong/Downloads/matcha/javascript_files_splits/split_15/50284327/50284327_2_173169550.js_#3#9,/Users/chaiyong/Downloads/matcha/javascript_files_splits/split_15/50284327/50284327_2_173169034.js_#3#9,/Users/chaiyong/Downloads/matcha/javascript_files_splits/split_15/49358780/49358780_2_original.js_#22#28,/Users/chaiyong/Downloads/matcha/javascript_files_splits/split_15/49358780/49358780_2_169281600.js_#22#28,/Users/chaiyong/Downloads/matcha/javascript_files_splits/split_08/30807560/30807560_2_recent.js_#14#20,/Users/chaiyong/Downloads/matcha/javascript_files_splits/split_08/30807560/30807560_2_original.js_#14#20,/Users/chaiyong/Downloads/matcha/javascript_files_splits/split_08/30807560/30807560_2_92700269.js_#14#20,/Users/chaiyong/Downloads/matcha/javascript_files_splits/split_08/30807560/30807560_2_92699640.js_#14#20,/Users/chaiyong/Downloads/matcha/javascript_files_splits/split_16/54320044/54320044_4_recent.js_#22#35,/Users/chaiyong/Downloads/matcha/javascript_files_splits/split_16/54320044/54320044_4_original.js_#22#35,/Users/chaiyong/Downloads/matcha/javascript_files_splits/split_16/54320044/54320044_4_190153090.js_#22#35,/Users/chaiyong/Downloads/matcha/javascript_files_splits/split_14/46642915/46642915_2_recent.js_#5#22,/Users/chaiyong/Downloads/matcha/javascript_files_splits/split_14/46642915/46642915_2_original.js_#5#22,/Users/chaiyong/Downloads/matcha/javascript_files_splits/split_14/46642915/46642915_2_157921521.js_#5#22,/Users/chaiyong/Downloads/matcha/javascript_files_splits/split_14/46642915/46642915_2_157921049.js_#5#22,/Users/chaiyong/Downloads/matcha/javascript_files_splits/split_09/33949534/33949534_4_recent.js_#1#9,/Users/chaiyong/Downloads/matcha/javascript_files_splits/split_09/33949534/33949534_4_143525892.js_#1#9,/Users/chaiyong/Downloads/matcha/javascript_files_splits/split_12/41686212/41686212_6_recent.js_#27#33,/Users/chaiyong/Downloads/matcha/javascript_files_splits/split_12/41686212/41686212_6_original.js_#27#33,/Users/chaiyong/Downloads/matcha/javascript_files_splits/split_12/41686212/41686212_6_136134566.js_#27#33,/Users/chaiyong/Downloads/matcha/javascript_files_splits/split_12/41686212/41686212_6_136134330.js_#27#33,/Users/chaiyong/Downloads/matcha/javascript_files_splits/split_15/51207849/51207849_2_recent.js_#8#14,/Users/chaiyong/Downloads/matcha/javascript_files_splits/split_15/51207849/51207849_2_177043509.js_#8#14,/Users/chaiyong/Downloads/matcha/javascript_files_splits/split_15/51207849/51207849_2_177042320.js_#8#14,/Users/chaiyong/Downloads/matcha/javascript_files_splits/split_15/51207849/51207849_2_177042147.js_#8#14,/Users/chaiyong/Downloads/matcha/javascript_files_splits/split_15/51207849/51207849_2_original.js_#8#14,/Users/chaiyong/Downloads/matcha/javascript_files_splits/split_15/51207849/51207849_2_177041688.js_#8#14,/Users/chaiyong/Downloads/matcha/javascript_files_splits/split_15/51812725/51812725_2_original.js_#18#38,/Users/chaiyong/Downloads/matcha/javascript_files_splits/split_15/51812725/51812725_2_179615376.js_#18#38,/Users/chaiyong/Downloads/matcha/javascript_files_splits/split_15/51812725/51812725_2_recent.js_#21#54,/Users/chaiyong/Downloads/matcha/javascript_files_splits/split_15/51812725/51812725_2_210517528.js_#21#54,/Users/chaiyong/Downloads/matcha/javascript_files_splits/split_16/54991788/54991788_2_192901834.js_#19#37,/Users/chaiyong/Downloads/matcha/javascript_files_splits/split_15/50694124/50694124_4_recent.js_#20#26,/Users/chaiyong/Downloads/matcha/javascript_files_splits/split_15/50694124/50694124_4_original.js_#20#26,/Users/chaiyong/Downloads/matcha/javascript_files_splits/split_15/50694124/50694124_4_174898874.js_#20#26,/Users/chaiyong/Downloads/matcha/javascript_files_splits/split_15/50694124/50694124_4_174898229.js_#20#26
/Users/chaiyong/Downloads/matcha/js_repos/next.js/test/e2e/app-dir/app-css/app/dashboard/layout.js_#4#11,/Users/chaiyong/Downloads/matcha/javascript_files_splits/split_12/42468781/42468781_4_recent.js_#2#11,/Users/chaiyong/Downloads/matcha/javascript_files_splits/split_12/42468781/42468781_4_139325351.js_#2#11,/Users/chaiyong/Downloads/matcha/javascript_files_splits/split_12/42385417/42385417_4_recent.js_#8#19,/Users/chaiyong/Downloads/matcha/javascript_files_splits/split_12/42385417/42385417_4_138999743.js_#8#19
/Users/chaiyong/Downloads/matcha/js_repos/next.js/test/e2e/app-dir/root-layout/app/(multiple-root)/(root-b)/layout.js_#3#12,/Users/chaiyong/Downloads/matcha/javascript_files_splits/split_15/51587832/51587832_2_recent.js_#1#11,/Users/chaiyong/Downloads/matcha/javascript_files_splits/split_15/51587832/51587832_2_original.js_#1#11,/Users/chaiyong/Downloads/matcha/javascript_files_splits/split_15/51587832/51587832_2_178687867.js_#1#11,/Users/chaiyong/Downloads/matcha/javascript_files_splits/split_15/51587832/51587832_2_178682138.js_#1#11
/Users/chaiyong/Downloads/matcha/js_repos/next.js/test/e2e/app-dir/root-layout/app/(multiple-root)/(root-a)/layout.js_#3#12,/Users/chaiyong/Downloads/matcha/javascript_files_splits/split_15/51587832/51587832_2_recent.js_#1#11,/Users/chaiyong/Downloads/matcha/javascript_files_splits/split_15/51587832/51587832_2_original.js_#1#11,/Users/chaiyong/Downloads/matcha/javascript_files_splits/split_15/51587832/51587832_2_178687867.js_#1#11,/Users/chaiyong/Downloads/matcha/javascript_files_splits/split_15/51587832/51587832_2_178682138.js_#1#11
/Users/chaiyong/Downloads/matcha/js_repos/next.js/test/e2e/app-dir/actions/app/form-edge/error.js_#3#9,/Users/chaiyong/Downloads/matcha/javascript_files_splits/split_16/54991788/54991788_2_original.js_#19#35,/Users/chaiyong/Downloads/matcha/javascript_files_splits/split_16/54991788/54991788_2_192899843.js_#19#35,/Users/chaiyong/Downloads/matcha/javascript_files_splits/split_16/54991788/54991788_2_192901834.js_#19#37
/Users/chaiyong/Downloads/matcha/js_repos/next.js/test/e2e/app-dir/actions/app/form/error.js_#3#9,/Users/chaiyong/Downloads/matcha/javascript_files_splits/split_16/54991788/54991788_2_original.js_#19#35,/Users/chaiyong/Downloads/matcha/javascript_files_splits/split_16/54991788/54991788_2_192899843.js_#19#35,/Users/chaiyong/Downloads/matcha/javascript_files_splits/split_16/54991788/54991788_2_192901834.js_#19#37
/Users/chaiyong/Downloads/matcha/js_repos/next.js/test/e2e/app-dir/actions/app/file/error.js_#3#9,/Users/chaiyong/Downloads/matcha/javascript_files_splits/split_16/54991788/54991788_2_original.js_#19#35,/Users/chaiyong/Downloads/matcha/javascript_files_splits/split_16/54991788/54991788_2_192899843.js_#19#35,/Users/chaiyong/Downloads/matcha/javascript_files_splits/split_16/54991788/54991788_2_192901834.js_#19#37
/Users/chaiyong/Downloads/matcha/js_repos/next.js/test/e2e/app-dir/actions/app/use-transition/action.js_#3#9,/Users/chaiyong/Downloads/matcha/javascript_files_splits/split_15/51111213/51111213_4_176635229.js_#1#7,/Users/chaiyong/Downloads/matcha/javascript_files_splits/split_15/51111213/51111213_4_176635160.js_#1#7,/Users/chaiyong/Downloads/matcha/javascript_files_splits/split_13/45297629/45297629_1_recent.js_#15#32,/Users/chaiyong/Downloads/matcha/javascript_files_splits/split_13/45297629/45297629_1_original.js_#15#32,/Users/chaiyong/Downloads/matcha/javascript_files_splits/split_13/45297629/45297629_1_152388394.js_#15#32,/Users/chaiyong/Downloads/matcha/javascript_files_splits/split_13/45297629/45297629_1_152386671.js_#15#32,/Users/chaiyong/Downloads/matcha/javascript_files_splits/split_13/45297629/45297629_1_152385892.js_#15#32,/Users/chaiyong/Downloads/matcha/javascript_files_splits/split_13/45297629/45297629_1_152385294.js_#15#32,/Users/chaiyong/Downloads/matcha/javascript_files_splits/split_15/51355678/51355678_4_recent.js_#1#8,/Users/chaiyong/Downloads/matcha/javascript_files_splits/split_15/51355678/51355678_4_original.js_#1#8,/Users/chaiyong/Downloads/matcha/javascript_files_splits/split_15/51355678/51355678_4_177716987.js_#1#8,/Users/chaiyong/Downloads/matcha/javascript_files_splits/split_15/51355678/51355678_4_177715849.js_#1#8,/Users/chaiyong/Downloads/matcha/javascript_files_splits/split_15/51355678/51355678_4_177714064.js_#1#8,/Users/chaiyong/Downloads/matcha/javascript_files_splits/split_15/51355678/51355678_2_recent.js_#1#8,/Users/chaiyong/Downloads/matcha/javascript_files_splits/split_15/51355678/51355678_2_original.js_#1#8,/Users/chaiyong/Downloads/matcha/javascript_files_splits/split_15/51355678/51355678_2_177716987.js_#1#8,/Users/chaiyong/Downloads/matcha/javascript_files_splits/split_15/51355678/51355678_2_177715849.js_#1#8,/Users/chaiyong/Downloads/matcha/javascript_files_splits/split_15/51355678/51355678_2_177714064.js_#1#8
/Users/chaiyong/Downloads/matcha/js_repos/next.js/test/e2e/app-dir/actions/app/non-action-form/page.js_#1#7,/Users/chaiyong/Downloads/matcha/javascript_files_splits/split_18/60382901/60382901_2_recent.js_#19#41,/Users/chaiyong/Downloads/matcha/javascript_files_splits/split_18/60382901/60382901_2_original.js_#19#41,/Users/chaiyong/Downloads/matcha/javascript_files_splits/split_18/60382901/60382901_2_215652447.js_#19#41,/Users/chaiyong/Downloads/matcha/javascript_files_splits/split_18/60382901/60382901_2_215652029.js_#19#41
/Users/chaiyong/Downloads/matcha/js_repos/next.js/test/e2e/app-dir/actions/app/too-many-args/page.js_#9#15,/Users/chaiyong/Downloads/matcha/javascript_files_splits/split_18/60382901/60382901_2_recent.js_#19#41,/Users/chaiyong/Downloads/matcha/javascript_files_splits/split_18/60382901/60382901_2_original.js_#19#41,/Users/chaiyong/Downloads/matcha/javascript_files_splits/split_18/60382901/60382901_2_215652447.js_#19#41,/Users/chaiyong/Downloads/matcha/javascript_files_splits/split_18/60382901/60382901_2_215652029.js_#19#41
/Users/chaiyong/Downloads/matcha/js_repos/next.js/test/e2e/app-dir/webpack-loader-import-module/app/page.js_#21#43,/Users/chaiyong/Downloads/matcha/javascript_files_splits/split_15/51812725/51812725_2_original.js_#18#38,/Users/chaiyong/Downloads/matcha/javascript_files_splits/split_15/51812725/51812725_2_179615376.js_#18#38,/Users/chaiyong/Downloads/matcha/javascript_files_splits/split_18/59071336/59071336_2_original.js_#30#62,/Users/chaiyong/Downloads/matcha/javascript_files_splits/split_18/59071336/59071336_2_210091102.js_#30#62,/Users/chaiyong/Downloads/matcha/javascript_files_splits/split_16/53807046/53807046_2_recent.js_#30#74,/Users/chaiyong/Downloads/matcha/javascript_files_splits/split_16/53807046/53807046_2_original.js_#30#74,/Users/chaiyong/Downloads/matcha/javascript_files_splits/split_16/53807046/53807046_2_189324278.js_#30#74,/Users/chaiyong/Downloads/matcha/javascript_files_splits/split_16/53807046/53807046_2_187945837.js_#30#74,/Users/chaiyong/Downloads/matcha/javascript_files_splits/split_16/53807046/53807046_2_187945651.js_#30#74,/Users/chaiyong/Downloads/matcha/javascript_files_splits/split_18/61283864/61283864_6_219497437.js_#3#38,/Users/chaiyong/Downloads/matcha/javascript_files_splits/split_18/61283864/61283864_6_219497229.js_#3#38,/Users/chaiyong/Downloads/matcha/javascript_files_splits/split_18/61283864/61283864_6_219496673.js_#3#38,/Users/chaiyong/Downloads/matcha/javascript_files_splits/split_18/61283864/61283864_4_219500769.js_#3#38,/Users/chaiyong/Downloads/matcha/javascript_files_splits/split_18/61283864/61283864_4_219498689.js_#3#38,/Users/chaiyong/Downloads/matcha/javascript_files_splits/split_18/61283864/61283864_4_219498213.js_#3#38,/Users/chaiyong/Downloads/matcha/javascript_files_splits/split_16/54991788/54991788_2_original.js_#19#35,/Users/chaiyong/Downloads/matcha/javascript_files_splits/split_16/54991788/54991788_2_192899843.js_#19#35,/Users/chaiyong/Downloads/matcha/javascript_files_splits/split_18/61283864/61283864_4_recent.js_#1#39,/Users/chaiyong/Downloads/matcha/javascript_files_splits/split_18/61283864/61283864_4_219505780.js_#1#39,/Users/chaiyong/Downloads/matcha/javascript_files_splits/split_19/64141892/64141892_2_recent.js_#2#52,/Users/chaiyong/Downloads/matcha/javascript_files_splits/split_19/64141892/64141892_2_original.js_#2#52,/Users/chaiyong/Downloads/matcha/javascript_files_splits/split_19/64141892/64141892_2_232223894.js_#2#52,/Users/chaiyong/Downloads/matcha/javascript_files_splits/split_16/54991788/54991788_2_192901834.js_#19#37,/Users/chaiyong/Downloads/matcha/javascript_files_splits/split_17/56742721/56742721_2_200293613.js_#5#17,/Users/chaiyong/Downloads/matcha/javascript_files_splits/split_17/56742721/56742721_2_original.js_#5#23,/Users/chaiyong/Downloads/matcha/javascript_files_splits/split_17/56742721/56742721_2_200293207.js_#5#23
/Users/chaiyong/Downloads/matcha/js_repos/next.js/test/e2e/app-dir/actions-allowed-origins/unsafe-origins/app/page.js_#22#41,/Users/chaiyong/Downloads/matcha/javascript_files_splits/split_18/60982806/60982806_2_recent.js_#3#21,/Users/chaiyong/Downloads/matcha/javascript_files_splits/split_18/60982806/60982806_2_original.js_#3#21,/Users/chaiyong/Downloads/matcha/javascript_files_splits/split_18/60982806/60982806_2_218221210.js_#3#21,/Users/chaiyong/Downloads/matcha/javascript_files_splits/split_18/60982806/60982806_2_218220890.js_#3#21,/Users/chaiyong/Downloads/matcha/javascript_files_splits/split_19/64584803/64584803_2_recent.js_#10#116,/Users/chaiyong/Downloads/matcha/javascript_files_splits/split_19/64584803/64584803_2_original.js_#10#116,/Users/chaiyong/Downloads/matcha/javascript_files_splits/split_19/64584803/64584803_2_233817814.js_#10#116,/Users/chaiyong/Downloads/matcha/javascript_files_splits/split_19/64584803/64584803_2_233814218.js_#10#116,/Users/chaiyong/Downloads/matcha/javascript_files_splits/split_17/57961381/57961381_2_recent.js_#1#38,/Users/chaiyong/Downloads/matcha/javascript_files_splits/split_17/57961381/57961381_2_original.js_#1#38,/Users/chaiyong/Downloads/matcha/javascript_files_splits/split_17/57961381/57961381_2_205459452.js_#1#38,/Users/chaiyong/Downloads/matcha/javascript_files_splits/split_17/57961381/57961381_2_205459096.js_#1#38,/Users/chaiyong/Downloads/matcha/javascript_files_splits/split_19/61959582/61959582_2_original.js_#1#87,/Users/chaiyong/Downloads/matcha/javascript_files_splits/split_19/61959582/61959582_2_222309302.js_#1#87,/Users/chaiyong/Downloads/matcha/javascript_files_splits/split_19/61959582/61959582_2_222306325.js_#1#87
/Users/chaiyong/Downloads/matcha/js_repos/next.js/test/e2e/app-dir/actions-allowed-origins/safe-origins/app/page.js_#22#41,/Users/chaiyong/Downloads/matcha/javascript_files_splits/split_18/60982806/60982806_2_recent.js_#3#21,/Users/chaiyong/Downloads/matcha/javascript_files_splits/split_18/60982806/60982806_2_original.js_#3#21,/Users/chaiyong/Downloads/matcha/javascript_files_splits/split_18/60982806/60982806_2_218221210.js_#3#21,/Users/chaiyong/Downloads/matcha/javascript_files_splits/split_18/60982806/60982806_2_218220890.js_#3#21,/Users/chaiyong/Downloads/matcha/javascript_files_splits/split_19/64584803/64584803_2_recent.js_#10#116,/Users/chaiyong/Downloads/matcha/javascript_files_splits/split_19/64584803/64584803_2_original.js_#10#116,/Users/chaiyong/Downloads/matcha/javascript_files_splits/split_19/64584803/64584803_2_233817814.js_#10#116,/Users/chaiyong/Downloads/matcha/javascript_files_splits/split_19/64584803/64584803_2_233814218.js_#10#116,/Users/chaiyong/Downloads/matcha/javascript_files_splits/split_17/57961381/57961381_2_recent.js_#1#38,/Users/chaiyong/Downloads/matcha/javascript_files_splits/split_17/57961381/57961381_2_original.js_#1#38,/Users/chaiyong/Downloads/matcha/javascript_files_splits/split_17/57961381/57961381_2_205459452.js_#1#38,/Users/chaiyong/Downloads/matcha/javascript_files_splits/split_17/57961381/57961381_2_205459096.js_#1#38,/Users/chaiyong/Downloads/matcha/javascript_files_splits/split_19/61959582/61959582_2_original.js_#1#87,/Users/chaiyong/Downloads/matcha/javascript_files_splits/split_19/61959582/61959582_2_222309302.js_#1#87,/Users/chaiyong/Downloads/matcha/javascript_files_splits/split_19/61959582/61959582_2_222306325.js_#1#87
/Users/chaiyong/Downloads/matcha/js_repos/next.js/test/e2e/middleware-general/app/pages/about/a.js_#1#7,/Users/chaiyong/Downloads/matcha/javascript_files_splits/split_14/45982168/45982168_5_recent.js_#2#8,/Users/chaiyong/Downloads/matcha/javascript_files_splits/split_14/45982168/45982168_5_original.js_#2#8,/Users/chaiyong/Downloads/matcha/javascript_files_splits/split_14/45982168/45982168_5_155176643.js_#2#8,/Users/chaiyong/Downloads/matcha/javascript_files_splits/split_14/45982168/45982168_5_155174995.js_#2#8,/Users/chaiyong/Downloads/matcha/javascript_files_splits/split_14/45982168/45982168_2_recent.js_#2#8,/Users/chaiyong/Downloads/matcha/javascript_files_splits/split_14/45982168/45982168_2_original.js_#2#8,/Users/chaiyong/Downloads/matcha/javascript_files_splits/split_14/45982168/45982168_2_155176643.js_#2#8,/Users/chaiyong/Downloads/matcha/javascript_files_splits/split_14/45982168/45982168_2_155174995.js_#2#8,/Users/chaiyong/Downloads/matcha/javascript_files_splits/split_14/48494032/48494032_2_original.js_#42#49,/Users/chaiyong/Downloads/matcha/javascript_files_splits/split_14/48494032/48494032_2_165656618.js_#42#49,/Users/chaiyong/Downloads/matcha/javascript_files_splits/split_17/56808161/56808161_12_recent.js_#4#10,/Users/chaiyong/Downloads/matcha/javascript_files_splits/split_17/56808161/56808161_12_original.js_#4#10,/Users/chaiyong/Downloads/matcha/javascript_files_splits/split_17/56808161/56808161_12_220180265.js_#4#10,/Users/chaiyong/Downloads/matcha/javascript_files_splits/split_17/56808161/56808161_12_209148821.js_#4#10,/Users/chaiyong/Downloads/matcha/javascript_files_splits/split_17/56808161/56808161_10_200561777.js_#4#10,/Users/chaiyong/Downloads/matcha/javascript_files_splits/split_17/55167800/55167800_2_recent.js_#11#17,/Users/chaiyong/Downloads/matcha/javascript_files_splits/split_17/55167800/55167800_2_193632446.js_#11#17,/Users/chaiyong/Downloads/matcha/javascript_files_splits/split_10/35506346/35506346_6_recent.js_#2#8,/Users/chaiyong/Downloads/matcha/javascript_files_splits/split_10/35506346/35506346_6_original.js_#2#8,/Users/chaiyong/Downloads/matcha/javascript_files_splits/split_10/35506346/35506346_6_111259930.js_#2#8,/Users/chaiyong/Downloads/matcha/javascript_files_splits/split_14/48494032/48494032_2_recent.js_#42#49,/Users/chaiyong/Downloads/matcha/javascript_files_splits/split_14/48494032/48494032_2_166053621.js_#42#49,/Users/chaiyong/Downloads/matcha/javascript_files_splits/split_14/48255554/48255554_4_recent.js_#1#9,/Users/chaiyong/Downloads/matcha/javascript_files_splits/split_14/48255554/48255554_4_original.js_#1#9,/Users/chaiyong/Downloads/matcha/javascript_files_splits/split_14/48255554/48255554_4_164663795.js_#1#9,/Users/chaiyong/Downloads/matcha/javascript_files_splits/split_14/48255554/48255554_4_164663444.js_#1#9,/Users/chaiyong/Downloads/matcha/javascript_files_splits/split_10/35634489/35634489_2_recent.js_#23#31,/Users/chaiyong/Downloads/matcha/javascript_files_splits/split_10/35634489/35634489_2_original.js_#23#31,/Users/chaiyong/Downloads/matcha/javascript_files_splits/split_10/35634489/35634489_2_111767785.js_#23#31,/Users/chaiyong/Downloads/matcha/javascript_files_splits/split_10/35634489/35634489_2_111767018.js_#23#31,/Users/chaiyong/Downloads/matcha/javascript_files_splits/split_11/38583123/38583123_2_original.js_#14#23,/Users/chaiyong/Downloads/matcha/javascript_files_splits/split_11/38583123/38583123_2_123463700.js_#14#23,/Users/chaiyong/Downloads/matcha/javascript_files_splits/split_12/41223425/41223425_2_recent.js_#18#24,/Users/chaiyong/Downloads/matcha/javascript_files_splits/split_12/41223425/41223425_2_original.js_#18#24,/Users/chaiyong/Downloads/matcha/javascript_files_splits/split_12/41223425/41223425_2_158004503.js_#18#24,/Users/chaiyong/Downloads/matcha/javascript_files_splits/split_12/41223425/41223425_2_142094985.js_#18#24,/Users/chaiyong/Downloads/matcha/javascript_files_splits/split_12/41223425/41223425_2_134166616.js_#18#24,/Users/chaiyong/Downloads/matcha/javascript_files_splits/split_18/59115215/59115215_6_original.js_#14#23,/Users/chaiyong/Downloads/matcha/javascript_files_splits/split_18/59115215/59115215_6_210280575.js_#14#23,/Users/chaiyong/Downloads/matcha/javascript_files_splits/split_10/36672090/36672090_6_recent.js_#2#9,/Users/chaiyong/Downloads/matcha/javascript_files_splits/split_10/36672090/36672090_6_116009018.js_#2#9,/Users/chaiyong/Downloads/matcha/javascript_files_splits/split_10/36672090/36672090_2_115895570.js_#2#9,/Users/chaiyong/Downloads/matcha/javascript_files_splits/split_10/36652129/36652129_4_recent.js_#2#11,/Users/chaiyong/Downloads/matcha/javascript_files_splits/split_10/36652129/36652129_4_original.js_#2#11,/Users/chaiyong/Downloads/matcha/javascript_files_splits/split_10/36652129/36652129_4_187512563.js_#2#11,/Users/chaiyong/Downloads/matcha/javascript_files_splits/split_10/36652129/36652129_4_115808825.js_#2#11,/Users/chaiyong/Downloads/matcha/javascript_files_splits/split_18/61088761/61088761_4_recent.js_#12#25,/Users/chaiyong/Downloads/matcha/javascript_files_splits/split_18/61088761/61088761_4_original.js_#12#25,/Users/chaiyong/Downloads/matcha/javascript_files_splits/split_18/61088761/61088761_4_218673389.js_#12#25,/Users/chaiyong/Downloads/matcha/javascript_files_splits/split_18/61088761/61088761_4_218672321.js_#12#25,/Users/chaiyong/Downloads/matcha/javascript_files_splits/split_16/54064482/54064482_2_recent.js_#23#35,/Users/chaiyong/Downloads/matcha/javascript_files_splits/split_16/54064482/54064482_2_original.js_#23#35,/Users/chaiyong/Downloads/matcha/javascript_files_splits/split_16/54064482/54064482_2_189038540.js_#23#35,/Users/chaiyong/Downloads/matcha/javascript_files_splits/split_16/54064482/54064482_2_189033554.js_#23#35,/Users/chaiyong/Downloads/matcha/javascript_files_splits/split_14/47279542/47279542_3_original.js_#9#16,/Users/chaiyong/Downloads/matcha/javascript_files_splits/split_14/47279542/47279542_2_160557816.js_#9#16,/Users/chaiyong/Downloads/matcha/javascript_files_splits/split_14/47279542/47279542_2_160555219.js_#9#16,/Users/chaiyong/Downloads/matcha/javascript_files_splits/split_18/60133109/60133109_2_original.js_#14#30,/Users/chaiyong/Downloads/matcha/javascript_files_splits/split_18/60133109/60133109_2_214597855.js_#14#30,/Users/chaiyong/Downloads/matcha/javascript_files_splits/split_15/49658394/49658394_2_recent.js_#59#65,/Users/chaiyong/Downloads/matcha/javascript_files_splits/split_15/49658394/49658394_2_original.js_#59#65,/Users/chaiyong/Downloads/matcha/javascript_files_splits/split_15/49658394/49658394_2_170536214.js_#59#65,/Users/chaiyong/Downloads/matcha/javascript_files_splits/split_15/49658394/49658394_2_170535471.js_#59#65,/Users/chaiyong/Downloads/matcha/javascript_files_splits/split_18/60140788/60140788_2_recent.js_#5#12,/Users/chaiyong/Downloads/matcha/javascript_files_splits/split_18/60140788/60140788_2_214631784.js_#5#12,/Users/chaiyong/Downloads/matcha/javascript_files_splits/split_19/64717589/64717589_4_recent.js_#5#21,/Users/chaiyong/Downloads/matcha/javascript_files_splits/split_19/64717589/64717589_4_original.js_#5#21,/Users/chaiyong/Downloads/matcha/javascript_files_splits/split_19/64717589/64717589_4_234394023.js_#5#21,/Users/chaiyong/Downloads/matcha/javascript_files_splits/split_19/64717589/64717589_4_234389512.js_#5#21,/Users/chaiyong/Downloads/matcha/javascript_files_splits/split_18/60133109/60133109_2_recent.js_#19#39,/Users/chaiyong/Downloads/matcha/javascript_files_splits/split_18/60133109/60133109_2_214598060.js_#19#39,/Users/chaiyong/Downloads/matcha/javascript_files_splits/split_12/42040810/42040810_2_recent.js_#20#26,/Users/chaiyong/Downloads/matcha/javascript_files_splits/split_12/42040810/42040810_2_original.js_#13#19,/Users/chaiyong/Downloads/matcha/javascript_files_splits/split_12/42040810/42040810_2_137602814.js_#20#26,/Users/chaiyong/Downloads/matcha/javascript_files_splits/split_12/42040810/42040810_2_137582029.js_#25#31,/Users/chaiyong/Downloads/matcha/javascript_files_splits/split_12/42040810/42040810_2_137581718.js_#25#31,/Users/chaiyong/Downloads/matcha/javascript_files_splits/split_12/42040810/42040810_2_137580031.js_#25#31,/Users/chaiyong/Downloads/matcha/javascript_files_splits/split_12/42040810/42040810_2_137579308.js_#19#25,/Users/chaiyong/Downloads/matcha/javascript_files_splits/split_12/42040810/42040810_2_137579005.js_#19#25,/Users/chaiyong/Downloads/matcha/javascript_files_splits/split_12/42040810/42040810_2_137578507.js_#13#19,/Users/chaiyong/Downloads/matcha/javascript_files_splits/split_08/30991351/30991351_2_recent.js_#5#11,/Users/chaiyong/Downloads/matcha/javascript_files_splits/split_08/30991351/30991351_2_original.js_#5#11,/Users/chaiyong/Downloads/matcha/javascript_files_splits/split_08/30991351/30991351_2_94986648.js_#5#11,/Users/chaiyong/Downloads/matcha/javascript_files_splits/split_08/30991351/30991351_2_94108950.js_#5#11,/Users/chaiyong/Downloads/matcha/javascript_files_splits/split_08/30991351/30991351_2_93919207.js_#5#11,/Users/chaiyong/Downloads/matcha/javascript_files_splits/split_08/30991351/30991351_2_93429466.js_#5#11,/Users/chaiyong/Downloads/matcha/javascript_files_splits/split_08/30991351/30991351_2_93429248.js_#5#11,/Users/chaiyong/Downloads/matcha/javascript_files_splits/split_08/30991351/30991351_2_93428983.js_#5#11,/Users/chaiyong/Downloads/matcha/javascript_files_splits/split_16/53825651/53825651_2_recent.js_#35#48,/Users/chaiyong/Downloads/matcha/javascript_files_splits/split_16/53825651/53825651_2_original.js_#35#48,/Users/chaiyong/Downloads/matcha/javascript_files_splits/split_16/53825651/53825651_2_188023490.js_#35#48,/Users/chaiyong/Downloads/matcha/javascript_files_splits/split_16/53825651/53825651_2_188023308.js_#35#48,/Users/chaiyong/Downloads/matcha/javascript_files_splits/split_17/55759172/55759172_2_original.js_#20#34,/Users/chaiyong/Downloads/matcha/javascript_files_splits/split_17/55759172/55759172_2_196123585.js_#20#34,/Users/chaiyong/Downloads/matcha/javascript_files_splits/split_18/61283490/61283490_6_recent.js_#14#30,/Users/chaiyong/Downloads/matcha/javascript_files_splits/split_18/61283490/61283490_6_original.js_#14#30,/Users/chaiyong/Downloads/matcha/javascript_files_splits/split_18/61283490/61283490_6_219492620.js_#14#30,/Users/chaiyong/Downloads/matcha/javascript_files_splits/split_18/61283490/61283490_6_219492300.js_#14#30,/Users/chaiyong/Downloads/matcha/javascript_files_splits/split_18/61283490/61283490_6_219492007.js_#14#30,/Users/chaiyong/Downloads/matcha/javascript_files_splits/split_17/56664773/56664773_2_recent.js_#13#21
/Users/chaiyong/Downloads/matcha/js_repos/next.js/test/e2e/middleware-general/app/pages/about/b.js_#1#7,/Users/chaiyong/Downloads/matcha/javascript_files_splits/split_14/45982168/45982168_5_recent.js_#2#8,/Users/chaiyong/Downloads/matcha/javascript_files_splits/split_14/45982168/45982168_5_original.js_#2#8,/Users/chaiyong/Downloads/matcha/javascript_files_splits/split_14/45982168/45982168_5_155176643.js_#2#8,/Users/chaiyong/Downloads/matcha/javascript_files_splits/split_14/45982168/45982168_5_155174995.js_#2#8,/Users/chaiyong/Downloads/matcha/javascript_files_splits/split_14/45982168/45982168_2_recent.js_#2#8,/Users/chaiyong/Downloads/matcha/javascript_files_splits/split_14/45982168/45982168_2_original.js_#2#8,/Users/chaiyong/Downloads/matcha/javascript_files_splits/split_14/45982168/45982168_2_155176643.js_#2#8,/Users/chaiyong/Downloads/matcha/javascript_files_splits/split_14/45982168/45982168_2_155174995.js_#2#8,/Users/chaiyong/Downloads/matcha/javascript_files_splits/split_14/48494032/48494032_2_original.js_#42#49,/Users/chaiyong/Downloads/matcha/javascript_files_splits/split_14/48494032/48494032_2_165656618.js_#42#49,/Users/chaiyong/Downloads/matcha/javascript_files_splits/split_17/56808161/56808161_12_recent.js_#4#10,/Users/chaiyong/Downloads/matcha/javascript_files_splits/split_17/56808161/56808161_12_original.js_#4#10,/Users/chaiyong/Downloads/matcha/javascript_files_splits/split_17/56808161/56808161_12_220180265.js_#4#10,/Users/chaiyong/Downloads/matcha/javascript_files_splits/split_17/56808161/56808161_12_209148821.js_#4#10,/Users/chaiyong/Downloads/matcha/javascript_files_splits/split_17/56808161/56808161_10_200561777.js_#4#10,/Users/chaiyong/Downloads/matcha/javascript_files_splits/split_17/55167800/55167800_2_recent.js_#11#17,/Users/chaiyong/Downloads/matcha/javascript_files_splits/split_17/55167800/55167800_2_193632446.js_#11#17,/Users/chaiyong/Downloads/matcha/javascript_files_splits/split_10/35506346/35506346_6_recent.js_#2#8,/Users/chaiyong/Downloads/matcha/javascript_files_splits/split_10/35506346/35506346_6_original.js_#2#8,/Users/chaiyong/Downloads/matcha/javascript_files_splits/split_10/35506346/35506346_6_111259930.js_#2#8,/Users/chaiyong/Downloads/matcha/javascript_files_splits/split_14/48494032/48494032_2_recent.js_#42#49,/Users/chaiyong/Downloads/matcha/javascript_files_splits/split_14/48494032/48494032_2_166053621.js_#42#49,/Users/chaiyong/Downloads/matcha/javascript_files_splits/split_14/48255554/48255554_4_recent.js_#1#9,/Users/chaiyong/Downloads/matcha/javascript_files_splits/split_14/48255554/48255554_4_original.js_#1#9,/Users/chaiyong/Downloads/matcha/javascript_files_splits/split_14/48255554/48255554_4_164663795.js_#1#9,/Users/chaiyong/Downloads/matcha/javascript_files_splits/split_14/48255554/48255554_4_164663444.js_#1#9,/Users/chaiyong/Downloads/matcha/javascript_files_splits/split_10/35634489/35634489_2_recent.js_#23#31,/Users/chaiyong/Downloads/matcha/javascript_files_splits/split_10/35634489/35634489_2_original.js_#23#31,/Users/chaiyong/Downloads/matcha/javascript_files_splits/split_10/35634489/35634489_2_111767785.js_#23#31,/Users/chaiyong/Downloads/matcha/javascript_files_splits/split_10/35634489/35634489_2_111767018.js_#23#31,/Users/chaiyong/Downloads/matcha/javascript_files_splits/split_11/38583123/38583123_2_original.js_#14#23,/Users/chaiyong/Downloads/matcha/javascript_files_splits/split_11/38583123/38583123_2_123463700.js_#14#23,/Users/chaiyong/Downloads/matcha/javascript_files_splits/split_12/41223425/41223425_2_recent.js_#18#24,/Users/chaiyong/Downloads/matcha/javascript_files_splits/split_12/41223425/41223425_2_original.js_#18#24,/Users/chaiyong/Downloads/matcha/javascript_files_splits/split_12/41223425/41223425_2_158004503.js_#18#24,/Users/chaiyong/Downloads/matcha/javascript_files_splits/split_12/41223425/41223425_2_142094985.js_#18#24,/Users/chaiyong/Downloads/matcha/javascript_files_splits/split_12/41223425/41223425_2_134166616.js_#18#24,/Users/chaiyong/Downloads/matcha/javascript_files_splits/split_18/59115215/59115215_6_original.js_#14#23,/Users/chaiyong/Downloads/matcha/javascript_files_splits/split_18/59115215/59115215_6_210280575.js_#14#23,/Users/chaiyong/Downloads/matcha/javascript_files_splits/split_10/36672090/36672090_6_recent.js_#2#9,/Users/chaiyong/Downloads/matcha/javascript_files_splits/split_10/36672090/36672090_6_116009018.js_#2#9,/Users/chaiyong/Downloads/matcha/javascript_files_splits/split_10/36672090/36672090_2_115895570.js_#2#9,/Users/chaiyong/Downloads/matcha/javascript_files_splits/split_10/36652129/36652129_4_recent.js_#2#11,/Users/chaiyong/Downloads/matcha/javascript_files_splits/split_10/36652129/36652129_4_original.js_#2#11,/Users/chaiyong/Downloads/matcha/javascript_files_splits/split_10/36652129/36652129_4_187512563.js_#2#11,/Users/chaiyong/Downloads/matcha/javascript_files_splits/split_10/36652129/36652129_4_115808825.js_#2#11,/Users/chaiyong/Downloads/matcha/javascript_files_splits/split_18/61088761/61088761_4_recent.js_#12#25,/Users/chaiyong/Downloads/matcha/javascript_files_splits/split_18/61088761/61088761_4_original.js_#12#25,/Users/chaiyong/Downloads/matcha/javascript_files_splits/split_18/61088761/61088761_4_218673389.js_#12#25,/Users/chaiyong/Downloads/matcha/javascript_files_splits/split_18/61088761/61088761_4_218672321.js_#12#25,/Users/chaiyong/Downloads/matcha/javascript_files_splits/split_16/54064482/54064482_2_recent.js_#23#35,/Users/chaiyong/Downloads/matcha/javascript_files_splits/split_16/54064482/54064482_2_original.js_#23#35,/Users/chaiyong/Downloads/matcha/javascript_files_splits/split_16/54064482/54064482_2_189038540.js_#23#35,/Users/chaiyong/Downloads/matcha/javascript_files_splits/split_16/54064482/54064482_2_189033554.js_#23#35,/Users/chaiyong/Downloads/matcha/javascript_files_splits/split_14/47279542/47279542_3_original.js_#9#16,/Users/chaiyong/Downloads/matcha/javascript_files_splits/split_14/47279542/47279542_2_160557816.js_#9#16,/Users/chaiyong/Downloads/matcha/javascript_files_splits/split_14/47279542/47279542_2_160555219.js_#9#16,/Users/chaiyong/Downloads/matcha/javascript_files_splits/split_18/60133109/60133109_2_original.js_#14#30,/Users/chaiyong/Downloads/matcha/javascript_files_splits/split_18/60133109/60133109_2_214597855.js_#14#30,/Users/chaiyong/Downloads/matcha/javascript_files_splits/split_15/49658394/49658394_2_recent.js_#59#65,/Users/chaiyong/Downloads/matcha/javascript_files_splits/split_15/49658394/49658394_2_original.js_#59#65,/Users/chaiyong/Downloads/matcha/javascript_files_splits/split_15/49658394/49658394_2_170536214.js_#59#65,/Users/chaiyong/Downloads/matcha/javascript_files_splits/split_15/49658394/49658394_2_170535471.js_#59#65,/Users/chaiyong/Downloads/matcha/javascript_files_splits/split_18/60140788/60140788_2_recent.js_#5#12,/Users/chaiyong/Downloads/matcha/javascript_files_splits/split_18/60140788/60140788_2_214631784.js_#5#12,/Users/chaiyong/Downloads/matcha/javascript_files_splits/split_19/64717589/64717589_4_recent.js_#5#21,/Users/chaiyong/Downloads/matcha/javascript_files_splits/split_19/64717589/64717589_4_original.js_#5#21,/Users/chaiyong/Downloads/matcha/javascript_files_splits/split_19/64717589/64717589_4_234394023.js_#5#21,/Users/chaiyong/Downloads/matcha/javascript_files_splits/split_19/64717589/64717589_4_234389512.js_#5#21,/Users/chaiyong/Downloads/matcha/javascript_files_splits/split_18/60133109/60133109_2_recent.js_#19#39,/Users/chaiyong/Downloads/matcha/javascript_files_splits/split_18/60133109/60133109_2_214598060.js_#19#39,/Users/chaiyong/Downloads/matcha/javascript_files_splits/split_12/42040810/42040810_2_recent.js_#20#26,/Users/chaiyong/Downloads/matcha/javascript_files_splits/split_12/42040810/42040810_2_original.js_#13#19,/Users/chaiyong/Downloads/matcha/javascript_files_splits/split_12/42040810/42040810_2_137602814.js_#20#26,/Users/chaiyong/Downloads/matcha/javascript_files_splits/split_12/42040810/42040810_2_137582029.js_#25#31,/Users/chaiyong/Downloads/matcha/javascript_files_splits/split_12/42040810/42040810_2_137581718.js_#25#31,/Users/chaiyong/Downloads/matcha/javascript_files_splits/split_12/42040810/42040810_2_137580031.js_#25#31,/Users/chaiyong/Downloads/matcha/javascript_files_splits/split_12/42040810/42040810_2_137579308.js_#19#25,/Users/chaiyong/Downloads/matcha/javascript_files_splits/split_12/42040810/42040810_2_137579005.js_#19#25,/Users/chaiyong/Downloads/matcha/javascript_files_splits/split_12/42040810/42040810_2_137578507.js_#13#19,/Users/chaiyong/Downloads/matcha/javascript_files_splits/split_08/30991351/30991351_2_recent.js_#5#11,/Users/chaiyong/Downloads/matcha/javascript_files_splits/split_08/30991351/30991351_2_original.js_#5#11,/Users/chaiyong/Downloads/matcha/javascript_files_splits/split_08/30991351/30991351_2_94986648.js_#5#11,/Users/chaiyong/Downloads/matcha/javascript_files_splits/split_08/30991351/30991351_2_94108950.js_#5#11,/Users/chaiyong/Downloads/matcha/javascript_files_splits/split_08/30991351/30991351_2_93919207.js_#5#11,/Users/chaiyong/Downloads/matcha/javascript_files_splits/split_08/30991351/30991351_2_93429466.js_#5#11,/Users/chaiyong/Downloads/matcha/javascript_files_splits/split_08/30991351/30991351_2_93429248.js_#5#11,/Users/chaiyong/Downloads/matcha/javascript_files_splits/split_08/30991351/30991351_2_93428983.js_#5#11,/Users/chaiyong/Downloads/matcha/javascript_files_splits/split_16/53825651/53825651_2_recent.js_#35#48,/Users/chaiyong/Downloads/matcha/javascript_files_splits/split_16/53825651/53825651_2_original.js_#35#48,/Users/chaiyong/Downloads/matcha/javascript_files_splits/split_16/53825651/53825651_2_188023490.js_#35#48,/Users/chaiyong/Downloads/matcha/javascript_files_splits/split_16/53825651/53825651_2_188023308.js_#35#48,/Users/chaiyong/Downloads/matcha/javascript_files_splits/split_17/55759172/55759172_2_original.js_#20#34,/Users/chaiyong/Downloads/matcha/javascript_files_splits/split_17/55759172/55759172_2_196123585.js_#20#34,/Users/chaiyong/Downloads/matcha/javascript_files_splits/split_18/61283490/61283490_6_recent.js_#14#30,/Users/chaiyong/Downloads/matcha/javascript_files_splits/split_18/61283490/61283490_6_original.js_#14#30,/Users/chaiyong/Downloads/matcha/javascript_files_splits/split_18/61283490/61283490_6_219492620.js_#14#30,/Users/chaiyong/Downloads/matcha/javascript_files_splits/split_18/61283490/61283490_6_219492300.js_#14#30,/Users/chaiyong/Downloads/matcha/javascript_files_splits/split_18/61283490/61283490_6_219492007.js_#14#30,/Users/chaiyong/Downloads/matcha/javascript_files_splits/split_17/56664773/56664773_2_recent.js_#13#21
/Users/chaiyong/Downloads/matcha/js_repos/next.js/test/e2e/middleware-general/app/middleware-node.js_#50#58,/Users/chaiyong/Downloads/matcha/javascript_files_splits/split_16/53269476/53269476_8_recent.js_#7#15,/Users/chaiyong/Downloads/matcha/javascript_files_splits/split_16/53269476/53269476_8_original.js_#7#15,/Users/chaiyong/Downloads/matcha/javascript_files_splits/split_16/53269476/53269476_8_185686247.js_#7#15,/Users/chaiyong/Downloads/matcha/javascript_files_splits/split_16/53269476/53269476_8_recent.js_#6#16,/Users/chaiyong/Downloads/matcha/javascript_files_splits/split_16/53269476/53269476_8_original.js_#6#16,/Users/chaiyong/Downloads/matcha/javascript_files_splits/split_16/53269476/53269476_8_185686247.js_#6#16
/Users/chaiyong/Downloads/matcha/js_repos/next.js/test/e2e/middleware-general/app/middleware-node.js_#51#57,/Users/chaiyong/Downloads/matcha/javascript_files_splits/split_18/58501717/58501717_2_original.js_#2#8,/Users/chaiyong/Downloads/matcha/javascript_files_splits/split_18/58501717/58501717_2_207716684.js_#2#8,/Users/chaiyong/Downloads/matcha/javascript_files_splits/split_16/53269476/53269476_8_recent.js_#8#14,/Users/chaiyong/Downloads/matcha/javascript_files_splits/split_16/53269476/53269476_8_original.js_#8#14,/Users/chaiyong/Downloads/matcha/javascript_files_splits/split_16/53269476/53269476_8_185686247.js_#8#14,/Users/chaiyong/Downloads/matcha/javascript_files_splits/split_16/53269476/53269476_8_recent.js_#7#15,/Users/chaiyong/Downloads/matcha/javascript_files_splits/split_16/53269476/53269476_8_original.js_#7#15,/Users/chaiyong/Downloads/matcha/javascript_files_splits/split_16/53269476/53269476_8_185686247.js_#7#15,/Users/chaiyong/Downloads/matcha/javascript_files_splits/split_16/53269476/53269476_8_recent.js_#6#16,/Users/chaiyong/Downloads/matcha/javascript_files_splits/split_16/53269476/53269476_8_original.js_#6#16,/Users/chaiyong/Downloads/matcha/javascript_files_splits/split_16/53269476/53269476_8_185686247.js_#6#16,/Users/chaiyong/Downloads/matcha/javascript_files_splits/split_14/48382876/48382876_2_recent.js_#2#16,/Users/chaiyong/Downloads/matcha/javascript_files_splits/split_14/48382876/48382876_2_165194142.js_#2#16,/Users/chaiyong/Downloads/matcha/javascript_files_splits/split_19/61979518/61979518_2_original.js_#15#21,/Users/chaiyong/Downloads/matcha/javascript_files_splits/split_19/61979518/61979518_2_222399299.js_#15#21,/Users/chaiyong/Downloads/matcha/javascript_files_splits/split_13/45765183/45765183_2_recent.js_#11#17,/Users/chaiyong/Downloads/matcha/javascript_files_splits/split_13/45765183/45765183_2_154483088.js_#11#17,/Users/chaiyong/Downloads/matcha/javascript_files_splits/split_13/45765183/45765183_2_154447401.js_#11#17,/Users/chaiyong/Downloads/matcha/javascript_files_splits/split_13/45765183/45765183_2_154444616.js_#11#17,/Users/chaiyong/Downloads/matcha/javascript_files_splits/split_13/45765183/45765183_2_154444350.js_#11#17,/Users/chaiyong/Downloads/matcha/javascript_files_splits/split_14/48382876/48382876_2_recent.js_#1#17,/Users/chaiyong/Downloads/matcha/javascript_files_splits/split_14/48382876/48382876_2_165194142.js_#1#17,/Users/chaiyong/Downloads/matcha/javascript_files_splits/split_13/43517385/43517385_2_143561077.js_#6#13,/Users/chaiyong/Downloads/matcha/javascript_files_splits/split_16/53447804/53447804_2_recent.js_#2#11,/Users/chaiyong/Downloads/matcha/javascript_files_splits/split_16/53447804/53447804_2_186428305.js_#2#11,/Users/chaiyong/Downloads/matcha/javascript_files_splits/split_13/45765183/45765183_2_recent.js_#11#17,/Users/chaiyong/Downloads/matcha/javascript_files_splits/split_13/45765183/45765183_2_154483088.js_#11#17,/Users/chaiyong/Downloads/matcha/javascript_files_splits/split_13/45765183/45765183_2_154447401.js_#11#17,/Users/chaiyong/Downloads/matcha/javascript_files_splits/split_13/45765183/45765183_2_154444616.js_#11#17,/Users/chaiyong/Downloads/matcha/javascript_files_splits/split_13/45765183/45765183_2_154444350.js_#11#17,/Users/chaiyong/Downloads/matcha/javascript_files_splits/split_19/61979518/61979518_2_original.js_#4#23,/Users/chaiyong/Downloads/matcha/javascript_files_splits/split_19/61979518/61979518_2_222399299.js_#4#23,/Users/chaiyong/Downloads/matcha/javascript_files_splits/split_13/43517385/43517385_2_143561077.js_#4#15,/Users/chaiyong/Downloads/matcha/javascript_files_splits/split_13/43517385/43517385_2_143561077.js_#5#14,/Users/chaiyong/Downloads/matcha/javascript_files_splits/split_19/61979518/61979518_2_original.js_#2#24,/Users/chaiyong/Downloads/matcha/javascript_files_splits/split_19/61979518/61979518_2_222399299.js_#2#24,/Users/chaiyong/Downloads/matcha/javascript_files_splits/split_16/53447804/53447804_2_recent.js_#1#12,/Users/chaiyong/Downloads/matcha/javascript_files_splits/split_16/53447804/53447804_2_186428305.js_#1#12,/Users/chaiyong/Downloads/matcha/javascript_files_splits/split_13/45765183/45765183_2_recent.js_#7#24,/Users/chaiyong/Downloads/matcha/javascript_files_splits/split_13/45765183/45765183_2_154483088.js_#7#24,/Users/chaiyong/Downloads/matcha/javascript_files_splits/split_13/45765183/45765183_2_154447401.js_#7#24,/Users/chaiyong/Downloads/matcha/javascript_files_splits/split_13/45765183/45765183_2_154444616.js_#7#24,/Users/chaiyong/Downloads/matcha/javascript_files_splits/split_13/45765183/45765183_2_154444350.js_#7#24
/Users/chaiyong/Downloads/matcha/js_repos/next.js/test/e2e/webpack-loader-parse-error/app/css-page/page.js_#3#9,/Users/chaiyong/Downloads/matcha/javascript_files_splits/split_10/35634489/35634489_2_recent.js_#23#31,/Users/chaiyong/Downloads/matcha/javascript_files_splits/split_10/35634489/35634489_2_original.js_#23#31,/Users/chaiyong/Downloads/matcha/javascript_files_splits/split_10/35634489/35634489_2_111767785.js_#23#31,/Users/chaiyong/Downloads/matcha/javascript_files_splits/split_10/35634489/35634489_2_111767018.js_#23#31,/Users/chaiyong/Downloads/matcha/javascript_files_splits/split_16/54991788/54991788_2_original.js_#19#35,/Users/chaiyong/Downloads/matcha/javascript_files_splits/split_16/54991788/54991788_2_192899843.js_#19#35,/Users/chaiyong/Downloads/matcha/javascript_files_splits/split_17/55759172/55759172_2_original.js_#20#34,/Users/chaiyong/Downloads/matcha/javascript_files_splits/split_17/55759172/55759172_2_196123585.js_#20#34,/Users/chaiyong/Downloads/matcha/javascript_files_splits/split_18/61703614/61703614_2_original.js_#34#48,/Users/chaiyong/Downloads/matcha/javascript_files_splits/split_18/61703614/61703614_2_221248394.js_#34#48,/Users/chaiyong/Downloads/matcha/javascript_files_splits/split_16/54991788/54991788_2_192901834.js_#19#37,/Users/chaiyong/Downloads/matcha/javascript_files_splits/split_12/41865483/41865483_4_recent.js_#12#27,/Users/chaiyong/Downloads/matcha/javascript_files_splits/split_12/41865483/41865483_4_original.js_#13#28,/Users/chaiyong/Downloads/matcha/javascript_files_splits/split_12/41865483/41865483_4_136874082.js_#12#27,/Users/chaiyong/Downloads/matcha/javascript_files_splits/split_12/41865483/41865483_2_136873696.js_#12#27,/Users/chaiyong/Downloads/matcha/javascript_files_splits/split_12/41865483/41865483_2_136872468.js_#13#28,/Users/chaiyong/Downloads/matcha/javascript_files_splits/split_12/41865483/41865483_2_136872218.js_#13#28,/Users/chaiyong/Downloads/matcha/javascript_files_splits/split_18/61088761/61088761_4_recent.js_#12#25,/Users/chaiyong/Downloads/matcha/javascript_files_splits/split_18/61088761/61088761_4_original.js_#12#25,/Users/chaiyong/Downloads/matcha/javascript_files_splits/split_18/61088761/61088761_4_218673389.js_#12#25,/Users/chaiyong/Downloads/matcha/javascript_files_splits/split_18/61088761/61088761_4_218672321.js_#12#25,/Users/chaiyong/Downloads/matcha/javascript_files_splits/split_16/53892009/53892009_7_recent.js_#30#42,/Users/chaiyong/Downloads/matcha/javascript_files_splits/split_16/53892009/53892009_7_original.js_#30#42,/Users/chaiyong/Downloads/matcha/javascript_files_splits/split_16/53892009/53892009_7_188306773.js_#30#42,/Users/chaiyong/Downloads/matcha/javascript_files_splits/split_16/53892009/53892009_7_188301626.js_#30#42,/Users/chaiyong/Downloads/matcha/javascript_files_splits/split_16/53892009/53892009_7_188301276.js_#30#42,/Users/chaiyong/Downloads/matcha/javascript_files_splits/split_16/53892009/53892009_2_188294761.js_#30#42,/Users/chaiyong/Downloads/matcha/javascript_files_splits/split_19/63917112/63917112_2_recent.js_#3#43,/Users/chaiyong/Downloads/matcha/javascript_files_splits/split_19/63917112/63917112_2_original.js_#3#43,/Users/chaiyong/Downloads/matcha/javascript_files_splits/split_19/63917112/63917112_2_230927577.js_#3#43,/Users/chaiyong/Downloads/matcha/javascript_files_splits/split_18/60149688/60149688_2_recent.js_#14#29,/Users/chaiyong/Downloads/matcha/javascript_files_splits/split_18/60149688/60149688_2_original.js_#14#29,/Users/chaiyong/Downloads/matcha/javascript_files_splits/split_18/60149688/60149688_2_214668554.js_#14#29,/Users/chaiyong/Downloads/matcha/javascript_files_splits/split_18/60149688/60149688_2_214667523.js_#14#29,/Users/chaiyong/Downloads/matcha/javascript_files_splits/split_07/28868135/28868135_2_recent.js_#10#22,/Users/chaiyong/Downloads/matcha/javascript_files_splits/split_07/28868135/28868135_2_original.js_#10#22,/Users/chaiyong/Downloads/matcha/javascript_files_splits/split_07/28868135/28868135_2_85130451.js_#10#22,/Users/chaiyong/Downloads/matcha/javascript_files_splits/split_07/28868135/28868135_2_85130136.js_#10#22,/Users/chaiyong/Downloads/matcha/javascript_files_splits/split_07/28868135/28868135_2_85129978.js_#10#22,/Users/chaiyong/Downloads/matcha/javascript_files_splits/split_07/28868135/28868135_2_85129738.js_#10#22,/Users/chaiyong/Downloads/matcha/javascript_files_splits/split_13/45537611/45537611_14_recent.js_#33#49,/Users/chaiyong/Downloads/matcha/javascript_files_splits/split_13/45537611/45537611_14_153357941.js_#33#49,/Users/chaiyong/Downloads/matcha/javascript_files_splits/split_14/46642915/46642915_2_recent.js_#5#22,/Users/chaiyong/Downloads/matcha/javascript_files_splits/split_14/46642915/46642915_2_original.js_#5#22,/Users/chaiyong/Downloads/matcha/javascript_files_splits/split_14/46642915/46642915_2_157921521.js_#5#22,/Users/chaiyong/Downloads/matcha/javascript_files_splits/split_14/46642915/46642915_2_157921049.js_#5#22,/Users/chaiyong/Downloads/matcha/javascript_files_splits/split_15/51812725/51812725_2_original.js_#18#38,/Users/chaiyong/Downloads/matcha/javascript_files_splits/split_15/51812725/51812725_2_179615376.js_#18#38,/Users/chaiyong/Downloads/matcha/javascript_files_splits/split_18/61283864/61283864_6_219497437.js_#3#38,/Users/chaiyong/Downloads/matcha/javascript_files_splits/split_18/61283864/61283864_6_219497229.js_#3#38,/Users/chaiyong/Downloads/matcha/javascript_files_splits/split_18/61283864/61283864_6_219496673.js_#3#38,/Users/chaiyong/Downloads/matcha/javascript_files_splits/split_18/61283864/61283864_4_219500769.js_#3#38,/Users/chaiyong/Downloads/matcha/javascript_files_splits/split_18/61283864/61283864_4_219498689.js_#3#38,/Users/chaiyong/Downloads/matcha/javascript_files_splits/split_18/61283864/61283864_4_219498213.js_#3#38,/Users/chaiyong/Downloads/matcha/javascript_files_splits/split_16/53892009/53892009_4_original.js_#15#22,/Users/chaiyong/Downloads/matcha/javascript_files_splits/split_16/53892009/53892009_2_188293989.js_#15#22,/Users/chaiyong/Downloads/matcha/javascript_files_splits/split_14/47254163/47254163_8_recent.js_#25#34,/Users/chaiyong/Downloads/matcha/javascript_files_splits/split_14/47254163/47254163_8_original.js_#25#34,/Users/chaiyong/Downloads/matcha/javascript_files_splits/split_14/47254163/47254163_8_160451737.js_#25#34,/Users/chaiyong/Downloads/matcha/javascript_files_splits/split_14/47254163/47254163_8_160451429.js_#25#34,/Users/chaiyong/Downloads/matcha/javascript_files_splits/split_13/45537611/45537611_9_153357276.js_#32#48,/Users/chaiyong/Downloads/matcha/javascript_files_splits/split_13/45537611/45537611_14_original.js_#32#48,/Users/chaiyong/Downloads/matcha/javascript_files_splits/split_18/61283864/61283864_4_recent.js_#1#39,/Users/chaiyong/Downloads/matcha/javascript_files_splits/split_18/61283864/61283864_4_219505780.js_#1#39,/Users/chaiyong/Downloads/matcha/javascript_files_splits/split_17/55270869/55270869_4_recent.js_#12#37,/Users/chaiyong/Downloads/matcha/javascript_files_splits/split_17/55270869/55270869_4_original.js_#12#37,/Users/chaiyong/Downloads/matcha/javascript_files_splits/split_17/55270869/55270869_4_194212887.js_#12#37,/Users/chaiyong/Downloads/matcha/javascript_files_splits/split_17/55270869/55270869_4_194212499.js_#12#37,/Users/chaiyong/Downloads/matcha/javascript_files_splits/split_17/55270869/55270869_2_194070492.js_#12#37,/Users/chaiyong/Downloads/matcha/javascript_files_splits/split_15/51812725/51812725_2_recent.js_#21#54,/Users/chaiyong/Downloads/matcha/javascript_files_splits/split_15/51812725/51812725_2_210517528.js_#21#54
/Users/chaiyong/Downloads/matcha/js_repos/next.js/test/e2e/middleware-trailing-slash/app/pages/about/a.js_#1#7,/Users/chaiyong/Downloads/matcha/javascript_files_splits/split_14/45982168/45982168_5_recent.js_#2#8,/Users/chaiyong/Downloads/matcha/javascript_files_splits/split_14/45982168/45982168_5_original.js_#2#8,/Users/chaiyong/Downloads/matcha/javascript_files_splits/split_14/45982168/45982168_5_155176643.js_#2#8,/Users/chaiyong/Downloads/matcha/javascript_files_splits/split_14/45982168/45982168_5_155174995.js_#2#8,/Users/chaiyong/Downloads/matcha/javascript_files_splits/split_14/45982168/45982168_2_recent.js_#2#8,/Users/chaiyong/Downloads/matcha/javascript_files_splits/split_14/45982168/45982168_2_original.js_#2#8,/Users/chaiyong/Downloads/matcha/javascript_files_splits/split_14/45982168/45982168_2_155176643.js_#2#8,/Users/chaiyong/Downloads/matcha/javascript_files_splits/split_14/45982168/45982168_2_155174995.js_#2#8,/Users/chaiyong/Downloads/matcha/javascript_files_splits/split_14/48494032/48494032_2_original.js_#42#49,/Users/chaiyong/Downloads/matcha/javascript_files_splits/split_14/48494032/48494032_2_165656618.js_#42#49,/Users/chaiyong/Downloads/matcha/javascript_files_splits/split_17/56808161/56808161_12_recent.js_#4#10,/Users/chaiyong/Downloads/matcha/javascript_files_splits/split_17/56808161/56808161_12_original.js_#4#10,/Users/chaiyong/Downloads/matcha/javascript_files_splits/split_17/56808161/56808161_12_220180265.js_#4#10,/Users/chaiyong/Downloads/matcha/javascript_files_splits/split_17/56808161/56808161_12_209148821.js_#4#10,/Users/chaiyong/Downloads/matcha/javascript_files_splits/split_17/56808161/56808161_10_200561777.js_#4#10,/Users/chaiyong/Downloads/matcha/javascript_files_splits/split_17/55167800/55167800_2_recent.js_#11#17,/Users/chaiyong/Downloads/matcha/javascript_files_splits/split_17/55167800/55167800_2_193632446.js_#11#17,/Users/chaiyong/Downloads/matcha/javascript_files_splits/split_10/35506346/35506346_6_recent.js_#2#8,/Users/chaiyong/Downloads/matcha/javascript_files_splits/split_10/35506346/35506346_6_original.js_#2#8,/Users/chaiyong/Downloads/matcha/javascript_files_splits/split_10/35506346/35506346_6_111259930.js_#2#8,/Users/chaiyong/Downloads/matcha/javascript_files_splits/split_14/48494032/48494032_2_recent.js_#42#49,/Users/chaiyong/Downloads/matcha/javascript_files_splits/split_14/48494032/48494032_2_166053621.js_#42#49,/Users/chaiyong/Downloads/matcha/javascript_files_splits/split_14/48255554/48255554_4_recent.js_#1#9,/Users/chaiyong/Downloads/matcha/javascript_files_splits/split_14/48255554/48255554_4_original.js_#1#9,/Users/chaiyong/Downloads/matcha/javascript_files_splits/split_14/48255554/48255554_4_164663795.js_#1#9,/Users/chaiyong/Downloads/matcha/javascript_files_splits/split_14/48255554/48255554_4_164663444.js_#1#9,/Users/chaiyong/Downloads/matcha/javascript_files_splits/split_10/35634489/35634489_2_recent.js_#23#31,/Users/chaiyong/Downloads/matcha/javascript_files_splits/split_10/35634489/35634489_2_original.js_#23#31,/Users/chaiyong/Downloads/matcha/javascript_files_splits/split_10/35634489/35634489_2_111767785.js_#23#31,/Users/chaiyong/Downloads/matcha/javascript_files_splits/split_10/35634489/35634489_2_111767018.js_#23#31,/Users/chaiyong/Downloads/matcha/javascript_files_splits/split_11/38583123/38583123_2_original.js_#14#23,/Users/chaiyong/Downloads/matcha/javascript_files_splits/split_11/38583123/38583123_2_123463700.js_#14#23,/Users/chaiyong/Downloads/matcha/javascript_files_splits/split_12/41223425/41223425_2_recent.js_#18#24,/Users/chaiyong/Downloads/matcha/javascript_files_splits/split_12/41223425/41223425_2_original.js_#18#24,/Users/chaiyong/Downloads/matcha/javascript_files_splits/split_12/41223425/41223425_2_158004503.js_#18#24,/Users/chaiyong/Downloads/matcha/javascript_files_splits/split_12/41223425/41223425_2_142094985.js_#18#24,/Users/chaiyong/Downloads/matcha/javascript_files_splits/split_12/41223425/41223425_2_134166616.js_#18#24,/Users/chaiyong/Downloads/matcha/javascript_files_splits/split_18/59115215/59115215_6_original.js_#14#23,/Users/chaiyong/Downloads/matcha/javascript_files_splits/split_18/59115215/59115215_6_210280575.js_#14#23,/Users/chaiyong/Downloads/matcha/javascript_files_splits/split_10/36672090/36672090_6_recent.js_#2#9,/Users/chaiyong/Downloads/matcha/javascript_files_splits/split_10/36672090/36672090_6_116009018.js_#2#9,/Users/chaiyong/Downloads/matcha/javascript_files_splits/split_10/36672090/36672090_2_115895570.js_#2#9,/Users/chaiyong/Downloads/matcha/javascript_files_splits/split_10/36652129/36652129_4_recent.js_#2#11,/Users/chaiyong/Downloads/matcha/javascript_files_splits/split_10/36652129/36652129_4_original.js_#2#11,/Users/chaiyong/Downloads/matcha/javascript_files_splits/split_10/36652129/36652129_4_187512563.js_#2#11,/Users/chaiyong/Downloads/matcha/javascript_files_splits/split_10/36652129/36652129_4_115808825.js_#2#11,/Users/chaiyong/Downloads/matcha/javascript_files_splits/split_18/61088761/61088761_4_recent.js_#12#25,/Users/chaiyong/Downloads/matcha/javascript_files_splits/split_18/61088761/61088761_4_original.js_#12#25,/Users/chaiyong/Downloads/matcha/javascript_files_splits/split_18/61088761/61088761_4_218673389.js_#12#25,/Users/chaiyong/Downloads/matcha/javascript_files_splits/split_18/61088761/61088761_4_218672321.js_#12#25,/Users/chaiyong/Downloads/matcha/javascript_files_splits/split_16/54064482/54064482_2_recent.js_#23#35,/Users/chaiyong/Downloads/matcha/javascript_files_splits/split_16/54064482/54064482_2_original.js_#23#35,/Users/chaiyong/Downloads/matcha/javascript_files_splits/split_16/54064482/54064482_2_189038540.js_#23#35,/Users/chaiyong/Downloads/matcha/javascript_files_splits/split_16/54064482/54064482_2_189033554.js_#23#35,/Users/chaiyong/Downloads/matcha/javascript_files_splits/split_14/47279542/47279542_3_original.js_#9#16,/Users/chaiyong/Downloads/matcha/javascript_files_splits/split_14/47279542/47279542_2_160557816.js_#9#16,/Users/chaiyong/Downloads/matcha/javascript_files_splits/split_14/47279542/47279542_2_160555219.js_#9#16,/Users/chaiyong/Downloads/matcha/javascript_files_splits/split_18/60133109/60133109_2_original.js_#14#30,/Users/chaiyong/Downloads/matcha/javascript_files_splits/split_18/60133109/60133109_2_214597855.js_#14#30,/Users/chaiyong/Downloads/matcha/javascript_files_splits/split_15/49658394/49658394_2_recent.js_#59#65,/Users/chaiyong/Downloads/matcha/javascript_files_splits/split_15/49658394/49658394_2_original.js_#59#65,/Users/chaiyong/Downloads/matcha/javascript_files_splits/split_15/49658394/49658394_2_170536214.js_#59#65,/Users/chaiyong/Downloads/matcha/javascript_files_splits/split_15/49658394/49658394_2_170535471.js_#59#65,/Users/chaiyong/Downloads/matcha/javascript_files_splits/split_18/60140788/60140788_2_recent.js_#5#12,/Users/chaiyong/Downloads/matcha/javascript_files_splits/split_18/60140788/60140788_2_214631784.js_#5#12,/Users/chaiyong/Downloads/matcha/javascript_files_splits/split_19/64717589/64717589_4_recent.js_#5#21,/Users/chaiyong/Downloads/matcha/javascript_files_splits/split_19/64717589/64717589_4_original.js_#5#21,/Users/chaiyong/Downloads/matcha/javascript_files_splits/split_19/64717589/64717589_4_234394023.js_#5#21,/Users/chaiyong/Downloads/matcha/javascript_files_splits/split_19/64717589/64717589_4_234389512.js_#5#21,/Users/chaiyong/Downloads/matcha/javascript_files_splits/split_18/60133109/60133109_2_recent.js_#19#39,/Users/chaiyong/Downloads/matcha/javascript_files_splits/split_18/60133109/60133109_2_214598060.js_#19#39,/Users/chaiyong/Downloads/matcha/javascript_files_splits/split_12/42040810/42040810_2_recent.js_#20#26,/Users/chaiyong/Downloads/matcha/javascript_files_splits/split_12/42040810/42040810_2_original.js_#13#19,/Users/chaiyong/Downloads/matcha/javascript_files_splits/split_12/42040810/42040810_2_137602814.js_#20#26,/Users/chaiyong/Downloads/matcha/javascript_files_splits/split_12/42040810/42040810_2_137582029.js_#25#31,/Users/chaiyong/Downloads/matcha/javascript_files_splits/split_12/42040810/42040810_2_137581718.js_#25#31,/Users/chaiyong/Downloads/matcha/javascript_files_splits/split_12/42040810/42040810_2_137580031.js_#25#31,/Users/chaiyong/Downloads/matcha/javascript_files_splits/split_12/42040810/42040810_2_137579308.js_#19#25,/Users/chaiyong/Downloads/matcha/javascript_files_splits/split_12/42040810/42040810_2_137579005.js_#19#25,/Users/chaiyong/Downloads/matcha/javascript_files_splits/split_12/42040810/42040810_2_137578507.js_#13#19,/Users/chaiyong/Downloads/matcha/javascript_files_splits/split_08/30991351/30991351_2_recent.js_#5#11,/Users/chaiyong/Downloads/matcha/javascript_files_splits/split_08/30991351/30991351_2_original.js_#5#11,/Users/chaiyong/Downloads/matcha/javascript_files_splits/split_08/30991351/30991351_2_94986648.js_#5#11,/Users/chaiyong/Downloads/matcha/javascript_files_splits/split_08/30991351/30991351_2_94108950.js_#5#11,/Users/chaiyong/Downloads/matcha/javascript_files_splits/split_08/30991351/30991351_2_93919207.js_#5#11,/Users/chaiyong/Downloads/matcha/javascript_files_splits/split_08/30991351/30991351_2_93429466.js_#5#11,/Users/chaiyong/Downloads/matcha/javascript_files_splits/split_08/30991351/30991351_2_93429248.js_#5#11,/Users/chaiyong/Downloads/matcha/javascript_files_splits/split_08/30991351/30991351_2_93428983.js_#5#11,/Users/chaiyong/Downloads/matcha/javascript_files_splits/split_16/53825651/53825651_2_recent.js_#35#48,/Users/chaiyong/Downloads/matcha/javascript_files_splits/split_16/53825651/53825651_2_original.js_#35#48,/Users/chaiyong/Downloads/matcha/javascript_files_splits/split_16/53825651/53825651_2_188023490.js_#35#48,/Users/chaiyong/Downloads/matcha/javascript_files_splits/split_16/53825651/53825651_2_188023308.js_#35#48,/Users/chaiyong/Downloads/matcha/javascript_files_splits/split_17/55759172/55759172_2_original.js_#20#34,/Users/chaiyong/Downloads/matcha/javascript_files_splits/split_17/55759172/55759172_2_196123585.js_#20#34,/Users/chaiyong/Downloads/matcha/javascript_files_splits/split_18/61283490/61283490_6_recent.js_#14#30,/Users/chaiyong/Downloads/matcha/javascript_files_splits/split_18/61283490/61283490_6_original.js_#14#30,/Users/chaiyong/Downloads/matcha/javascript_files_splits/split_18/61283490/61283490_6_219492620.js_#14#30,/Users/chaiyong/Downloads/matcha/javascript_files_splits/split_18/61283490/61283490_6_219492300.js_#14#30,/Users/chaiyong/Downloads/matcha/javascript_files_splits/split_18/61283490/61283490_6_219492007.js_#14#30,/Users/chaiyong/Downloads/matcha/javascript_files_splits/split_17/56664773/56664773_2_recent.js_#13#21
/Users/chaiyong/Downloads/matcha/js_repos/next.js/test/e2e/middleware-trailing-slash/app/pages/about/b.js_#1#7,/Users/chaiyong/Downloads/matcha/javascript_files_splits/split_14/45982168/45982168_5_recent.js_#2#8,/Users/chaiyong/Downloads/matcha/javascript_files_splits/split_14/45982168/45982168_5_original.js_#2#8,/Users/chaiyong/Downloads/matcha/javascript_files_splits/split_14/45982168/45982168_5_155176643.js_#2#8,/Users/chaiyong/Downloads/matcha/javascript_files_splits/split_14/45982168/45982168_5_155174995.js_#2#8,/Users/chaiyong/Downloads/matcha/javascript_files_splits/split_14/45982168/45982168_2_recent.js_#2#8,/Users/chaiyong/Downloads/matcha/javascript_files_splits/split_14/45982168/45982168_2_original.js_#2#8,/Users/chaiyong/Downloads/matcha/javascript_files_splits/split_14/45982168/45982168_2_155176643.js_#2#8,/Users/chaiyong/Downloads/matcha/javascript_files_splits/split_14/45982168/45982168_2_155174995.js_#2#8,/Users/chaiyong/Downloads/matcha/javascript_files_splits/split_14/48494032/48494032_2_original.js_#42#49,/Users/chaiyong/Downloads/matcha/javascript_files_splits/split_14/48494032/48494032_2_165656618.js_#42#49,/Users/chaiyong/Downloads/matcha/javascript_files_splits/split_17/56808161/56808161_12_recent.js_#4#10,/Users/chaiyong/Downloads/matcha/javascript_files_splits/split_17/56808161/56808161_12_original.js_#4#10,/Users/chaiyong/Downloads/matcha/javascript_files_splits/split_17/56808161/56808161_12_220180265.js_#4#10,/Users/chaiyong/Downloads/matcha/javascript_files_splits/split_17/56808161/56808161_12_209148821.js_#4#10,/Users/chaiyong/Downloads/matcha/javascript_files_splits/split_17/56808161/56808161_10_200561777.js_#4#10,/Users/chaiyong/Downloads/matcha/javascript_files_splits/split_17/55167800/55167800_2_recent.js_#11#17,/Users/chaiyong/Downloads/matcha/javascript_files_splits/split_17/55167800/55167800_2_193632446.js_#11#17,/Users/chaiyong/Downloads/matcha/javascript_files_splits/split_10/35506346/35506346_6_recent.js_#2#8,/Users/chaiyong/Downloads/matcha/javascript_files_splits/split_10/35506346/35506346_6_original.js_#2#8,/Users/chaiyong/Downloads/matcha/javascript_files_splits/split_10/35506346/35506346_6_111259930.js_#2#8,/Users/chaiyong/Downloads/matcha/javascript_files_splits/split_14/48494032/48494032_2_recent.js_#42#49,/Users/chaiyong/Downloads/matcha/javascript_files_splits/split_14/48494032/48494032_2_166053621.js_#42#49,/Users/chaiyong/Downloads/matcha/javascript_files_splits/split_14/48255554/48255554_4_recent.js_#1#9,/Users/chaiyong/Downloads/matcha/javascript_files_splits/split_14/48255554/48255554_4_original.js_#1#9,/Users/chaiyong/Downloads/matcha/javascript_files_splits/split_14/48255554/48255554_4_164663795.js_#1#9,/Users/chaiyong/Downloads/matcha/javascript_files_splits/split_14/48255554/48255554_4_164663444.js_#1#9,/Users/chaiyong/Downloads/matcha/javascript_files_splits/split_10/35634489/35634489_2_recent.js_#23#31,/Users/chaiyong/Downloads/matcha/javascript_files_splits/split_10/35634489/35634489_2_original.js_#23#31,/Users/chaiyong/Downloads/matcha/javascript_files_splits/split_10/35634489/35634489_2_111767785.js_#23#31,/Users/chaiyong/Downloads/matcha/javascript_files_splits/split_10/35634489/35634489_2_111767018.js_#23#31,/Users/chaiyong/Downloads/matcha/javascript_files_splits/split_11/38583123/38583123_2_original.js_#14#23,/Users/chaiyong/Downloads/matcha/javascript_files_splits/split_11/38583123/38583123_2_123463700.js_#14#23,/Users/chaiyong/Downloads/matcha/javascript_files_splits/split_12/41223425/41223425_2_recent.js_#18#24,/Users/chaiyong/Downloads/matcha/javascript_files_splits/split_12/41223425/41223425_2_original.js_#18#24,/Users/chaiyong/Downloads/matcha/javascript_files_splits/split_12/41223425/41223425_2_158004503.js_#18#24,/Users/chaiyong/Downloads/matcha/javascript_files_splits/split_12/41223425/41223425_2_142094985.js_#18#24,/Users/chaiyong/Downloads/matcha/javascript_files_splits/split_12/41223425/41223425_2_134166616.js_#18#24,/Users/chaiyong/Downloads/matcha/javascript_files_splits/split_18/59115215/59115215_6_original.js_#14#23,/Users/chaiyong/Downloads/matcha/javascript_files_splits/split_18/59115215/59115215_6_210280575.js_#14#23,/Users/chaiyong/Downloads/matcha/javascript_files_splits/split_10/36672090/36672090_6_recent.js_#2#9,/Users/chaiyong/Downloads/matcha/javascript_files_splits/split_10/36672090/36672090_6_116009018.js_#2#9,/Users/chaiyong/Downloads/matcha/javascript_files_splits/split_10/36672090/36672090_2_115895570.js_#2#9,/Users/chaiyong/Downloads/matcha/javascript_files_splits/split_10/36652129/36652129_4_recent.js_#2#11,/Users/chaiyong/Downloads/matcha/javascript_files_splits/split_10/36652129/36652129_4_original.js_#2#11,/Users/chaiyong/Downloads/matcha/javascript_files_splits/split_10/36652129/36652129_4_187512563.js_#2#11,/Users/chaiyong/Downloads/matcha/javascript_files_splits/split_10/36652129/36652129_4_115808825.js_#2#11,/Users/chaiyong/Downloads/matcha/javascript_files_splits/split_18/61088761/61088761_4_recent.js_#12#25,/Users/chaiyong/Downloads/matcha/javascript_files_splits/split_18/61088761/61088761_4_original.js_#12#25,/Users/chaiyong/Downloads/matcha/javascript_files_splits/split_18/61088761/61088761_4_218673389.js_#12#25,/Users/chaiyong/Downloads/matcha/javascript_files_splits/split_18/61088761/61088761_4_218672321.js_#12#25,/Users/chaiyong/Downloads/matcha/javascript_files_splits/split_16/54064482/54064482_2_recent.js_#23#35,/Users/chaiyong/Downloads/matcha/javascript_files_splits/split_16/54064482/54064482_2_original.js_#23#35,/Users/chaiyong/Downloads/matcha/javascript_files_splits/split_16/54064482/54064482_2_189038540.js_#23#35,/Users/chaiyong/Downloads/matcha/javascript_files_splits/split_16/54064482/54064482_2_189033554.js_#23#35,/Users/chaiyong/Downloads/matcha/javascript_files_splits/split_14/47279542/47279542_3_original.js_#9#16,/Users/chaiyong/Downloads/matcha/javascript_files_splits/split_14/47279542/47279542_2_160557816.js_#9#16,/Users/chaiyong/Downloads/matcha/javascript_files_splits/split_14/47279542/47279542_2_160555219.js_#9#16,/Users/chaiyong/Downloads/matcha/javascript_files_splits/split_18/60133109/60133109_2_original.js_#14#30,/Users/chaiyong/Downloads/matcha/javascript_files_splits/split_18/60133109/60133109_2_214597855.js_#14#30,/Users/chaiyong/Downloads/matcha/javascript_files_splits/split_15/49658394/49658394_2_recent.js_#59#65,/Users/chaiyong/Downloads/matcha/javascript_files_splits/split_15/49658394/49658394_2_original.js_#59#65,/Users/chaiyong/Downloads/matcha/javascript_files_splits/split_15/49658394/49658394_2_170536214.js_#59#65,/Users/chaiyong/Downloads/matcha/javascript_files_splits/split_15/49658394/49658394_2_170535471.js_#59#65,/Users/chaiyong/Downloads/matcha/javascript_files_splits/split_18/60140788/60140788_2_recent.js_#5#12,/Users/chaiyong/Downloads/matcha/javascript_files_splits/split_18/60140788/60140788_2_214631784.js_#5#12,/Users/chaiyong/Downloads/matcha/javascript_files_splits/split_19/64717589/64717589_4_recent.js_#5#21,/Users/chaiyong/Downloads/matcha/javascript_files_splits/split_19/64717589/64717589_4_original.js_#5#21,/Users/chaiyong/Downloads/matcha/javascript_files_splits/split_19/64717589/64717589_4_234394023.js_#5#21,/Users/chaiyong/Downloads/matcha/javascript_files_splits/split_19/64717589/64717589_4_234389512.js_#5#21,/Users/chaiyong/Downloads/matcha/javascript_files_splits/split_18/60133109/60133109_2_recent.js_#19#39,/Users/chaiyong/Downloads/matcha/javascript_files_splits/split_18/60133109/60133109_2_214598060.js_#19#39,/Users/chaiyong/Downloads/matcha/javascript_files_splits/split_12/42040810/42040810_2_recent.js_#20#26,/Users/chaiyong/Downloads/matcha/javascript_files_splits/split_12/42040810/42040810_2_original.js_#13#19,/Users/chaiyong/Downloads/matcha/javascript_files_splits/split_12/42040810/42040810_2_137602814.js_#20#26,/Users/chaiyong/Downloads/matcha/javascript_files_splits/split_12/42040810/42040810_2_137582029.js_#25#31,/Users/chaiyong/Downloads/matcha/javascript_files_splits/split_12/42040810/42040810_2_137581718.js_#25#31,/Users/chaiyong/Downloads/matcha/javascript_files_splits/split_12/42040810/42040810_2_137580031.js_#25#31,/Users/chaiyong/Downloads/matcha/javascript_files_splits/split_12/42040810/42040810_2_137579308.js_#19#25,/Users/chaiyong/Downloads/matcha/javascript_files_splits/split_12/42040810/42040810_2_137579005.js_#19#25,/Users/chaiyong/Downloads/matcha/javascript_files_splits/split_12/42040810/42040810_2_137578507.js_#13#19,/Users/chaiyong/Downloads/matcha/javascript_files_splits/split_08/30991351/30991351_2_recent.js_#5#11,/Users/chaiyong/Downloads/matcha/javascript_files_splits/split_08/30991351/30991351_2_original.js_#5#11,/Users/chaiyong/Downloads/matcha/javascript_files_splits/split_08/30991351/30991351_2_94986648.js_#5#11,/Users/chaiyong/Downloads/matcha/javascript_files_splits/split_08/30991351/30991351_2_94108950.js_#5#11,/Users/chaiyong/Downloads/matcha/javascript_files_splits/split_08/30991351/30991351_2_93919207.js_#5#11,/Users/chaiyong/Downloads/matcha/javascript_files_splits/split_08/30991351/30991351_2_93429466.js_#5#11,/Users/chaiyong/Downloads/matcha/javascript_files_splits/split_08/30991351/30991351_2_93429248.js_#5#11,/Users/chaiyong/Downloads/matcha/javascript_files_splits/split_08/30991351/30991351_2_93428983.js_#5#11,/Users/chaiyong/Downloads/matcha/javascript_files_splits/split_16/53825651/53825651_2_recent.js_#35#48,/Users/chaiyong/Downloads/matcha/javascript_files_splits/split_16/53825651/53825651_2_original.js_#35#48,/Users/chaiyong/Downloads/matcha/javascript_files_splits/split_16/53825651/53825651_2_188023490.js_#35#48,/Users/chaiyong/Downloads/matcha/javascript_files_splits/split_16/53825651/53825651_2_188023308.js_#35#48,/Users/chaiyong/Downloads/matcha/javascript_files_splits/split_17/55759172/55759172_2_original.js_#20#34,/Users/chaiyong/Downloads/matcha/javascript_files_splits/split_17/55759172/55759172_2_196123585.js_#20#34,/Users/chaiyong/Downloads/matcha/javascript_files_splits/split_18/61283490/61283490_6_recent.js_#14#30,/Users/chaiyong/Downloads/matcha/javascript_files_splits/split_18/61283490/61283490_6_original.js_#14#30,/Users/chaiyong/Downloads/matcha/javascript_files_splits/split_18/61283490/61283490_6_219492620.js_#14#30,/Users/chaiyong/Downloads/matcha/javascript_files_splits/split_18/61283490/61283490_6_219492300.js_#14#30,/Users/chaiyong/Downloads/matcha/javascript_files_splits/split_18/61283490/61283490_6_219492007.js_#14#30,/Users/chaiyong/Downloads/matcha/javascript_files_splits/split_17/56664773/56664773_2_recent.js_#13#21
/Users/chaiyong/Downloads/matcha/js_repos/next.js/test/e2e/with-router/pages/a.js_#9#15,/Users/chaiyong/Downloads/matcha/javascript_files_splits/split_19/64418614/64418614_4_recent.js_#12#21,/Users/chaiyong/Downloads/matcha/javascript_files_splits/split_19/64418614/64418614_4_original.js_#12#21,/Users/chaiyong/Downloads/matcha/javascript_files_splits/split_19/64418614/64418614_4_233094432.js_#12#21,/Users/chaiyong/Downloads/matcha/javascript_files_splits/split_19/64418614/64418614_2_233094200.js_#12#21,/Users/chaiyong/Downloads/matcha/javascript_files_splits/split_19/64418614/64418614_4_recent.js_#8#26,/Users/chaiyong/Downloads/matcha/javascript_files_splits/split_19/64418614/64418614_4_original.js_#8#26,/Users/chaiyong/Downloads/matcha/javascript_files_splits/split_19/64418614/64418614_4_233094432.js_#8#26,/Users/chaiyong/Downloads/matcha/javascript_files_splits/split_19/64418614/64418614_2_233094200.js_#8#26,/Users/chaiyong/Downloads/matcha/javascript_files_splits/split_17/56155578/56155578_2_recent.js_#14#30,/Users/chaiyong/Downloads/matcha/javascript_files_splits/split_17/56155578/56155578_2_original.js_#14#30,/Users/chaiyong/Downloads/matcha/javascript_files_splits/split_17/56155578/56155578_2_197804677.js_#14#30,/Users/chaiyong/Downloads/matcha/javascript_files_splits/split_17/56155578/56155578_2_197804124.js_#14#30,/Users/chaiyong/Downloads/matcha/javascript_files_splits/split_19/64717589/64717589_4_recent.js_#5#21,/Users/chaiyong/Downloads/matcha/javascript_files_splits/split_19/64717589/64717589_4_original.js_#5#21,/Users/chaiyong/Downloads/matcha/javascript_files_splits/split_19/64717589/64717589_4_234394023.js_#5#21,/Users/chaiyong/Downloads/matcha/javascript_files_splits/split_19/64717589/64717589_4_234389512.js_#5#21,/Users/chaiyong/Downloads/matcha/javascript_files_splits/split_16/54991788/54991788_2_192901834.js_#19#37,/Users/chaiyong/Downloads/matcha/javascript_files_splits/split_15/51812725/51812725_2_original.js_#18#38,/Users/chaiyong/Downloads/matcha/javascript_files_splits/split_15/51812725/51812725_2_179615376.js_#18#38
/Users/chaiyong/Downloads/matcha/js_repos/next.js/test/e2e/with-router/pages/b.js_#4#10,/Users/chaiyong/Downloads/matcha/javascript_files_splits/split_14/48371647/48371647_5_recent.js_#1#7,/Users/chaiyong/Downloads/matcha/javascript_files_splits/split_14/48371647/48371647_5_original.js_#1#7,/Users/chaiyong/Downloads/matcha/javascript_files_splits/split_14/48371647/48371647_5_170756655.js_#1#7,/Users/chaiyong/Downloads/matcha/javascript_files_splits/split_14/48371647/48371647_5_165147486.js_#1#7,/Users/chaiyong/Downloads/matcha/javascript_files_splits/split_14/48371647/48371647_5_165146577.js_#1#7,/Users/chaiyong/Downloads/matcha/javascript_files_splits/split_14/48371647/48371647_1_recent.js_#1#7,/Users/chaiyong/Downloads/matcha/javascript_files_splits/split_14/48371647/48371647_1_original.js_#1#7,/Users/chaiyong/Downloads/matcha/javascript_files_splits/split_14/48371647/48371647_1_170756655.js_#1#7,/Users/chaiyong/Downloads/matcha/javascript_files_splits/split_14/48371647/48371647_1_165147486.js_#1#7,/Users/chaiyong/Downloads/matcha/javascript_files_splits/split_14/48371647/48371647_1_165146577.js_#1#7,/Users/chaiyong/Downloads/matcha/javascript_files_splits/split_16/54320044/54320044_4_recent.js_#22#35,/Users/chaiyong/Downloads/matcha/javascript_files_splits/split_16/54320044/54320044_4_original.js_#22#35,/Users/chaiyong/Downloads/matcha/javascript_files_splits/split_16/54320044/54320044_4_190153090.js_#22#35,/Users/chaiyong/Downloads/matcha/javascript_files_splits/split_14/48252047/48252047_2_recent.js_#13#26,/Users/chaiyong/Downloads/matcha/javascript_files_splits/split_14/48252047/48252047_2_original.js_#13#26,/Users/chaiyong/Downloads/matcha/javascript_files_splits/split_14/48252047/48252047_2_164649060.js_#13#26,/Users/chaiyong/Downloads/matcha/javascript_files_splits/split_14/48252047/48252047_2_164648356.js_#13#26,/Users/chaiyong/Downloads/matcha/javascript_files_splits/split_14/46642915/46642915_2_recent.js_#5#22,/Users/chaiyong/Downloads/matcha/javascript_files_splits/split_14/46642915/46642915_2_original.js_#5#22,/Users/chaiyong/Downloads/matcha/javascript_files_splits/split_14/46642915/46642915_2_157921521.js_#5#22,/Users/chaiyong/Downloads/matcha/javascript_files_splits/split_14/46642915/46642915_2_157921049.js_#5#22,/Users/chaiyong/Downloads/matcha/javascript_files_splits/split_16/54991788/54991788_2_192901834.js_#19#37,/Users/chaiyong/Downloads/matcha/javascript_files_splits/split_16/54991788/54991788_2_original.js_#19#35,/Users/chaiyong/Downloads/matcha/javascript_files_splits/split_16/54991788/54991788_2_192899843.js_#19#35
/Users/chaiyong/Downloads/matcha/js_repos/next.js/test/e2e/streaming-ssr/streaming-ssr/pages/hello.js_#3#10,/Users/chaiyong/Downloads/matcha/javascript_files_splits/split_15/51812725/51812725_2_original.js_#18#38,/Users/chaiyong/Downloads/matcha/javascript_files_splits/split_15/51812725/51812725_2_179615376.js_#18#38
/Users/chaiyong/Downloads/matcha/js_repos/next.js/test/e2e/streaming-ssr/streaming-ssr/pages/index.js_#1#12,/Users/chaiyong/Downloads/matcha/javascript_files_splits/split_15/49684834/49684834_4_recent.js_#3#22,/Users/chaiyong/Downloads/matcha/javascript_files_splits/split_15/49684834/49684834_4_original.js_#3#22,/Users/chaiyong/Downloads/matcha/javascript_files_splits/split_15/49684834/49684834_4_188968170.js_#3#22,/Users/chaiyong/Downloads/matcha/javascript_files_splits/split_15/49684834/49684834_4_170643702.js_#3#22,/Users/chaiyong/Downloads/matcha/javascript_files_splits/split_15/49684834/49684834_2_recent.js_#2#21,/Users/chaiyong/Downloads/matcha/javascript_files_splits/split_15/49684834/49684834_2_original.js_#2#21,/Users/chaiyong/Downloads/matcha/javascript_files_splits/split_15/49684834/49684834_2_188968170.js_#2#21,/Users/chaiyong/Downloads/matcha/javascript_files_splits/split_15/49684834/49684834_2_170643702.js_#2#21,/Users/chaiyong/Downloads/matcha/javascript_files_splits/split_17/55270869/55270869_4_recent.js_#12#37,/Users/chaiyong/Downloads/matcha/javascript_files_splits/split_17/55270869/55270869_4_original.js_#12#37,/Users/chaiyong/Downloads/matcha/javascript_files_splits/split_17/55270869/55270869_4_194212887.js_#12#37,/Users/chaiyong/Downloads/matcha/javascript_files_splits/split_17/55270869/55270869_4_194212499.js_#12#37,/Users/chaiyong/Downloads/matcha/javascript_files_splits/split_17/55270869/55270869_2_194070492.js_#12#37
/Users/chaiyong/Downloads/matcha/js_repos/next.js/test/e2e/next-image-new/base-path/pages/missing-src.js_#4#10,/Users/chaiyong/Downloads/matcha/javascript_files_splits/split_19/64668277/64668277_2_recent.js_#18#27,/Users/chaiyong/Downloads/matcha/javascript_files_splits/split_19/64668277/64668277_2_original.js_#18#27,/Users/chaiyong/Downloads/matcha/javascript_files_splits/split_19/64668277/64668277_2_234182213.js_#18#27,/Users/chaiyong/Downloads/matcha/javascript_files_splits/split_19/64668277/64668277_2_234180679.js_#18#27
/Users/chaiyong/Downloads/matcha/js_repos/next.js/test/e2e/next-image-new/asset-prefix/pages/index.js_#5#12,/Users/chaiyong/Downloads/matcha/javascript_files_splits/split_15/51812725/51812725_2_original.js_#18#38,/Users/chaiyong/Downloads/matcha/javascript_files_splits/split_15/51812725/51812725_2_179615376.js_#18#38,/Users/chaiyong/Downloads/matcha/javascript_files_splits/split_19/65097414/65097414_2_recent.js_#1#12,/Users/chaiyong/Downloads/matcha/javascript_files_splits/split_19/65097414/65097414_2_236056319.js_#1#12
/Users/chaiyong/Downloads/matcha/js_repos/next.js/test/e2e/app-document-import-order/requiredByPage.js_#1#7,/Users/chaiyong/Downloads/matcha/javascript_files_splits/split_12/42040810/42040810_2_recent.js_#20#26,/Users/chaiyong/Downloads/matcha/javascript_files_splits/split_12/42040810/42040810_2_original.js_#13#19,/Users/chaiyong/Downloads/matcha/javascript_files_splits/split_12/42040810/42040810_2_137602814.js_#20#26,/Users/chaiyong/Downloads/matcha/javascript_files_splits/split_12/42040810/42040810_2_137582029.js_#25#31,/Users/chaiyong/Downloads/matcha/javascript_files_splits/split_12/42040810/42040810_2_137581718.js_#25#31,/Users/chaiyong/Downloads/matcha/javascript_files_splits/split_12/42040810/42040810_2_137580031.js_#25#31,/Users/chaiyong/Downloads/matcha/javascript_files_splits/split_12/42040810/42040810_2_137579308.js_#19#25,/Users/chaiyong/Downloads/matcha/javascript_files_splits/split_12/42040810/42040810_2_137579005.js_#19#25,/Users/chaiyong/Downloads/matcha/javascript_files_splits/split_12/42040810/42040810_2_137578507.js_#13#19,/Users/chaiyong/Downloads/matcha/javascript_files_splits/split_08/30991351/30991351_2_recent.js_#5#11,/Users/chaiyong/Downloads/matcha/javascript_files_splits/split_08/30991351/30991351_2_original.js_#5#11,/Users/chaiyong/Downloads/matcha/javascript_files_splits/split_08/30991351/30991351_2_94986648.js_#5#11,/Users/chaiyong/Downloads/matcha/javascript_files_splits/split_08/30991351/30991351_2_94108950.js_#5#11,/Users/chaiyong/Downloads/matcha/javascript_files_splits/split_08/30991351/30991351_2_93919207.js_#5#11,/Users/chaiyong/Downloads/matcha/javascript_files_splits/split_08/30991351/30991351_2_93429466.js_#5#11,/Users/chaiyong/Downloads/matcha/javascript_files_splits/split_08/30991351/30991351_2_93429248.js_#5#11,/Users/chaiyong/Downloads/matcha/javascript_files_splits/split_08/30991351/30991351_2_93428983.js_#5#11,/Users/chaiyong/Downloads/matcha/javascript_files_splits/split_09/34511586/34511586_2_recent.js_#5#13,/Users/chaiyong/Downloads/matcha/javascript_files_splits/split_09/34511586/34511586_2_original.js_#5#13,/Users/chaiyong/Downloads/matcha/javascript_files_splits/split_09/34511586/34511586_2_108037562.js_#5#13,/Users/chaiyong/Downloads/matcha/javascript_files_splits/split_09/34511586/34511586_2_107618617.js_#5#13,/Users/chaiyong/Downloads/matcha/javascript_files_splits/split_09/34511586/34511586_2_107336734.js_#5#13,/Users/chaiyong/Downloads/matcha/javascript_files_splits/split_11/38196076/38196076_4_recent.js_#2#8,/Users/chaiyong/Downloads/matcha/javascript_files_splits/split_11/38196076/38196076_4_original.js_#2#8,/Users/chaiyong/Downloads/matcha/javascript_files_splits/split_11/38196076/38196076_4_152831636.js_#2#8,/Users/chaiyong/Downloads/matcha/javascript_files_splits/split_11/38196076/38196076_4_152831398.js_#2#8,/Users/chaiyong/Downloads/matcha/javascript_files_splits/split_11/38196076/38196076_4_121926768.js_#2#8,/Users/chaiyong/Downloads/matcha/javascript_files_splits/split_16/53919314/53919314_2_recent.js_#33#40,/Users/chaiyong/Downloads/matcha/javascript_files_splits/split_16/53919314/53919314_2_188418359.js_#33#40,/Users/chaiyong/Downloads/matcha/javascript_files_splits/split_14/48494032/48494032_2_original.js_#42#49,/Users/chaiyong/Downloads/matcha/javascript_files_splits/split_14/48494032/48494032_2_165656618.js_#42#49,/Users/chaiyong/Downloads/matcha/javascript_files_splits/split_14/45982168/45982168_5_recent.js_#2#8,/Users/chaiyong/Downloads/matcha/javascript_files_splits/split_14/45982168/45982168_5_original.js_#2#8,/Users/chaiyong/Downloads/matcha/javascript_files_splits/split_14/45982168/45982168_5_155176643.js_#2#8,/Users/chaiyong/Downloads/matcha/javascript_files_splits/split_14/45982168/45982168_5_155174995.js_#2#8,/Users/chaiyong/Downloads/matcha/javascript_files_splits/split_14/45982168/45982168_2_recent.js_#2#8,/Users/chaiyong/Downloads/matcha/javascript_files_splits/split_14/45982168/45982168_2_original.js_#2#8,/Users/chaiyong/Downloads/matcha/javascript_files_splits/split_14/45982168/45982168_2_155176643.js_#2#8,/Users/chaiyong/Downloads/matcha/javascript_files_splits/split_14/45982168/45982168_2_155174995.js_#2#8,/Users/chaiyong/Downloads/matcha/javascript_files_splits/split_10/35634489/35634489_2_recent.js_#23#31,/Users/chaiyong/Downloads/matcha/javascript_files_splits/split_10/35634489/35634489_2_original.js_#23#31,/Users/chaiyong/Downloads/matcha/javascript_files_splits/split_10/35634489/35634489_2_111767785.js_#23#31,/Users/chaiyong/Downloads/matcha/javascript_files_splits/split_10/35634489/35634489_2_111767018.js_#23#31,/Users/chaiyong/Downloads/matcha/javascript_files_splits/split_14/47279542/47279542_3_original.js_#9#16,/Users/chaiyong/Downloads/matcha/javascript_files_splits/split_14/47279542/47279542_2_160557816.js_#9#16,/Users/chaiyong/Downloads/matcha/javascript_files_splits/split_14/47279542/47279542_2_160555219.js_#9#16,/Users/chaiyong/Downloads/matcha/javascript_files_splits/split_15/51184927/51184927_4_recent.js_#28#36,/Users/chaiyong/Downloads/matcha/javascript_files_splits/split_15/51184927/51184927_4_original.js_#28#36,/Users/chaiyong/Downloads/matcha/javascript_files_splits/split_15/51184927/51184927_4_177017978.js_#28#36,/Users/chaiyong/Downloads/matcha/javascript_files_splits/split_16/52061435/52061435_2_recent.js_#17#30,/Users/chaiyong/Downloads/matcha/javascript_files_splits/split_16/52061435/52061435_2_180650449.js_#17#30,/Users/chaiyong/Downloads/matcha/javascript_files_splits/split_14/48494032/48494032_2_recent.js_#42#49,/Users/chaiyong/Downloads/matcha/javascript_files_splits/split_14/48494032/48494032_2_166053621.js_#42#49,/Users/chaiyong/Downloads/matcha/javascript_files_splits/split_18/61088761/61088761_4_recent.js_#12#25,/Users/chaiyong/Downloads/matcha/javascript_files_splits/split_18/61088761/61088761_4_original.js_#12#25,/Users/chaiyong/Downloads/matcha/javascript_files_splits/split_18/61088761/61088761_4_218673389.js_#12#25,/Users/chaiyong/Downloads/matcha/javascript_files_splits/split_18/61088761/61088761_4_218672321.js_#12#25,/Users/chaiyong/Downloads/matcha/javascript_files_splits/split_10/36672090/36672090_6_recent.js_#2#9,/Users/chaiyong/Downloads/matcha/javascript_files_splits/split_10/36672090/36672090_6_116009018.js_#2#9,/Users/chaiyong/Downloads/matcha/javascript_files_splits/split_10/36672090/36672090_2_115895570.js_#2#9,/Users/chaiyong/Downloads/matcha/javascript_files_splits/split_15/49658394/49658394_2_recent.js_#59#65,/Users/chaiyong/Downloads/matcha/javascript_files_splits/split_15/49658394/49658394_2_original.js_#59#65,/Users/chaiyong/Downloads/matcha/javascript_files_splits/split_15/49658394/49658394_2_170536214.js_#59#65,/Users/chaiyong/Downloads/matcha/javascript_files_splits/split_15/49658394/49658394_2_170535471.js_#59#65,/Users/chaiyong/Downloads/matcha/javascript_files_splits/split_18/60027033/60027033_2_recent.js_#17#35,/Users/chaiyong/Downloads/matcha/javascript_files_splits/split_18/60027033/60027033_2_original.js_#17#35,/Users/chaiyong/Downloads/matcha/javascript_files_splits/split_18/60027033/60027033_2_214188800.js_#17#35,/Users/chaiyong/Downloads/matcha/javascript_files_splits/split_18/60027033/60027033_2_214151507.js_#17#35,/Users/chaiyong/Downloads/matcha/javascript_files_splits/split_18/60027033/60027033_2_214151298.js_#17#35,/Users/chaiyong/Downloads/matcha/javascript_files_splits/split_17/56973219/56973219_4_recent.js_#26#39,/Users/chaiyong/Downloads/matcha/javascript_files_splits/split_17/56973219/56973219_4_original.js_#26#39,/Users/chaiyong/Downloads/matcha/javascript_files_splits/split_17/56973219/56973219_4_201276636.js_#26#39,/Users/chaiyong/Downloads/matcha/javascript_files_splits/split_17/56973219/56973219_3_201274758.js_#26#39,/Users/chaiyong/Downloads/matcha/javascript_files_splits/split_17/55759172/55759172_2_original.js_#20#34,/Users/chaiyong/Downloads/matcha/javascript_files_splits/split_17/55759172/55759172_2_196123585.js_#20#34,/Users/chaiyong/Downloads/matcha/javascript_files_splits/split_16/53825651/53825651_2_recent.js_#35#48,/Users/chaiyong/Downloads/matcha/javascript_files_splits/split_16/53825651/53825651_2_original.js_#35#48,/Users/chaiyong/Downloads/matcha/javascript_files_splits/split_16/53825651/53825651_2_188023490.js_#35#48,/Users/chaiyong/Downloads/matcha/javascript_files_splits/split_16/53825651/53825651_2_188023308.js_#35#48,/Users/chaiyong/Downloads/matcha/javascript_files_splits/split_13/45537611/45537611_14_recent.js_#33#49,/Users/chaiyong/Downloads/matcha/javascript_files_splits/split_13/45537611/45537611_14_153357941.js_#33#49,/Users/chaiyong/Downloads/matcha/javascript_files_splits/split_11/38583123/38583123_2_original.js_#14#23,/Users/chaiyong/Downloads/matcha/javascript_files_splits/split_11/38583123/38583123_2_123463700.js_#14#23,/Users/chaiyong/Downloads/matcha/javascript_files_splits/split_17/56808161/56808161_12_recent.js_#4#10,/Users/chaiyong/Downloads/matcha/javascript_files_splits/split_17/56808161/56808161_12_original.js_#4#10,/Users/chaiyong/Downloads/matcha/javascript_files_splits/split_17/56808161/56808161_12_220180265.js_#4#10,/Users/chaiyong/Downloads/matcha/javascript_files_splits/split_17/56808161/56808161_12_209148821.js_#4#10,/Users/chaiyong/Downloads/matcha/javascript_files_splits/split_17/56808161/56808161_10_200561777.js_#4#10,/Users/chaiyong/Downloads/matcha/javascript_files_splits/split_17/55167800/55167800_2_recent.js_#11#17,/Users/chaiyong/Downloads/matcha/javascript_files_splits/split_17/55167800/55167800_2_193632446.js_#11#17,/Users/chaiyong/Downloads/matcha/javascript_files_splits/split_10/35506346/35506346_6_recent.js_#2#8,/Users/chaiyong/Downloads/matcha/javascript_files_splits/split_10/35506346/35506346_6_original.js_#2#8,/Users/chaiyong/Downloads/matcha/javascript_files_splits/split_10/35506346/35506346_6_111259930.js_#2#8,/Users/chaiyong/Downloads/matcha/javascript_files_splits/split_17/56664773/56664773_2_recent.js_#13#21,/Users/chaiyong/Downloads/matcha/javascript_files_splits/split_17/56664773/56664773_2_original.js_#13#21,/Users/chaiyong/Downloads/matcha/javascript_files_splits/split_17/56664773/56664773_2_199960792.js_#13#21,/Users/chaiyong/Downloads/matcha/javascript_files_splits/split_17/56664773/56664773_2_199959540.js_#13#21,/Users/chaiyong/Downloads/matcha/javascript_files_splits/split_17/56664773/56664773_2_199959175.js_#13#21,/Users/chaiyong/Downloads/matcha/javascript_files_splits/split_13/43347278/43347278_6_recent.js_#10#22,/Users/chaiyong/Downloads/matcha/javascript_files_splits/split_13/43347278/43347278_6_original.js_#10#22
/Users/chaiyong/Downloads/matcha/js_repos/next.js/test/e2e/app-document-import-order/requiredByApp.js_#1#7,/Users/chaiyong/Downloads/matcha/javascript_files_splits/split_08/30991351/30991351_2_recent.js_#5#11,/Users/chaiyong/Downloads/matcha/javascript_files_splits/split_08/30991351/30991351_2_original.js_#5#11,/Users/chaiyong/Downloads/matcha/javascript_files_splits/split_08/30991351/30991351_2_94986648.js_#5#11,/Users/chaiyong/Downloads/matcha/javascript_files_splits/split_08/30991351/30991351_2_94108950.js_#5#11,/Users/chaiyong/Downloads/matcha/javascript_files_splits/split_08/30991351/30991351_2_93919207.js_#5#11,/Users/chaiyong/Downloads/matcha/javascript_files_splits/split_08/30991351/30991351_2_93429466.js_#5#11,/Users/chaiyong/Downloads/matcha/javascript_files_splits/split_08/30991351/30991351_2_93429248.js_#5#11,/Users/chaiyong/Downloads/matcha/javascript_files_splits/split_08/30991351/30991351_2_93428983.js_#5#11,/Users/chaiyong/Downloads/matcha/javascript_files_splits/split_11/38196076/38196076_4_recent.js_#2#8,/Users/chaiyong/Downloads/matcha/javascript_files_splits/split_11/38196076/38196076_4_original.js_#2#8,/Users/chaiyong/Downloads/matcha/javascript_files_splits/split_11/38196076/38196076_4_152831636.js_#2#8,/Users/chaiyong/Downloads/matcha/javascript_files_splits/split_11/38196076/38196076_4_152831398.js_#2#8,/Users/chaiyong/Downloads/matcha/javascript_files_splits/split_11/38196076/38196076_4_121926768.js_#2#8,/Users/chaiyong/Downloads/matcha/javascript_files_splits/split_12/42040810/42040810_2_recent.js_#20#26,/Users/chaiyong/Downloads/matcha/javascript_files_splits/split_12/42040810/42040810_2_original.js_#13#19,/Users/chaiyong/Downloads/matcha/javascript_files_splits/split_12/42040810/42040810_2_137602814.js_#20#26,/Users/chaiyong/Downloads/matcha/javascript_files_splits/split_12/42040810/42040810_2_137582029.js_#25#31,/Users/chaiyong/Downloads/matcha/javascript_files_splits/split_12/42040810/42040810_2_137581718.js_#25#31,/Users/chaiyong/Downloads/matcha/javascript_files_splits/split_12/42040810/42040810_2_137580031.js_#25#31,/Users/chaiyong/Downloads/matcha/javascript_files_splits/split_12/42040810/42040810_2_137579308.js_#19#25,/Users/chaiyong/Downloads/matcha/javascript_files_splits/split_12/42040810/42040810_2_137579005.js_#19#25,/Users/chaiyong/Downloads/matcha/javascript_files_splits/split_12/42040810/42040810_2_137578507.js_#13#19,/Users/chaiyong/Downloads/matcha/javascript_files_splits/split_09/34511586/34511586_2_recent.js_#5#13,/Users/chaiyong/Downloads/matcha/javascript_files_splits/split_09/34511586/34511586_2_original.js_#5#13,/Users/chaiyong/Downloads/matcha/javascript_files_splits/split_09/34511586/34511586_2_108037562.js_#5#13,/Users/chaiyong/Downloads/matcha/javascript_files_splits/split_09/34511586/34511586_2_107618617.js_#5#13,/Users/chaiyong/Downloads/matcha/javascript_files_splits/split_09/34511586/34511586_2_107336734.js_#5#13,/Users/chaiyong/Downloads/matcha/javascript_files_splits/split_18/60027033/60027033_2_recent.js_#17#35,/Users/chaiyong/Downloads/matcha/javascript_files_splits/split_18/60027033/60027033_2_original.js_#17#35,/Users/chaiyong/Downloads/matcha/javascript_files_splits/split_18/60027033/60027033_2_214188800.js_#17#35,/Users/chaiyong/Downloads/matcha/javascript_files_splits/split_18/60027033/60027033_2_214151507.js_#17#35,/Users/chaiyong/Downloads/matcha/javascript_files_splits/split_18/60027033/60027033_2_214151298.js_#17#35,/Users/chaiyong/Downloads/matcha/javascript_files_splits/split_14/48371647/48371647_5_recent.js_#1#7,/Users/chaiyong/Downloads/matcha/javascript_files_splits/split_14/48371647/48371647_5_original.js_#1#7,/Users/chaiyong/Downloads/matcha/javascript_files_splits/split_14/48371647/48371647_5_170756655.js_#1#7,/Users/chaiyong/Downloads/matcha/javascript_files_splits/split_14/48371647/48371647_5_165147486.js_#1#7,/Users/chaiyong/Downloads/matcha/javascript_files_splits/split_14/48371647/48371647_5_165146577.js_#1#7,/Users/chaiyong/Downloads/matcha/javascript_files_splits/split_14/48371647/48371647_1_recent.js_#1#7,/Users/chaiyong/Downloads/matcha/javascript_files_splits/split_14/48371647/48371647_1_original.js_#1#7,/Users/chaiyong/Downloads/matcha/javascript_files_splits/split_14/48371647/48371647_1_170756655.js_#1#7,/Users/chaiyong/Downloads/matcha/javascript_files_splits/split_14/48371647/48371647_1_165147486.js_#1#7,/Users/chaiyong/Downloads/matcha/javascript_files_splits/split_14/48371647/48371647_1_165146577.js_#1#7,/Users/chaiyong/Downloads/matcha/javascript_files_splits/split_16/53919314/53919314_2_recent.js_#33#40,/Users/chaiyong/Downloads/matcha/javascript_files_splits/split_16/53919314/53919314_2_188418359.js_#33#40,/Users/chaiyong/Downloads/matcha/javascript_files_splits/split_10/36652129/36652129_4_recent.js_#2#11,/Users/chaiyong/Downloads/matcha/javascript_files_splits/split_10/36652129/36652129_4_original.js_#2#11,/Users/chaiyong/Downloads/matcha/javascript_files_splits/split_10/36652129/36652129_4_187512563.js_#2#11,/Users/chaiyong/Downloads/matcha/javascript_files_splits/split_10/36652129/36652129_4_115808825.js_#2#11,/Users/chaiyong/Downloads/matcha/javascript_files_splits/split_15/51184927/51184927_4_recent.js_#28#36,/Users/chaiyong/Downloads/matcha/javascript_files_splits/split_15/51184927/51184927_4_original.js_#28#36,/Users/chaiyong/Downloads/matcha/javascript_files_splits/split_15/51184927/51184927_4_177017978.js_#28#36,/Users/chaiyong/Downloads/matcha/javascript_files_splits/split_16/52061435/52061435_2_recent.js_#17#30,/Users/chaiyong/Downloads/matcha/javascript_files_splits/split_16/52061435/52061435_2_180650449.js_#17#30,/Users/chaiyong/Downloads/matcha/javascript_files_splits/split_13/43347278/43347278_6_recent.js_#10#22,/Users/chaiyong/Downloads/matcha/javascript_files_splits/split_13/43347278/43347278_6_original.js_#10#22,/Users/chaiyong/Downloads/matcha/javascript_files_splits/split_13/43347278/43347278_6_142842705.js_#10#22,/Users/chaiyong/Downloads/matcha/javascript_files_splits/split_13/43347278/43347278_6_142842160.js_#10#22,/Users/chaiyong/Downloads/matcha/javascript_files_splits/split_14/45982168/45982168_5_recent.js_#2#8,/Users/chaiyong/Downloads/matcha/javascript_files_splits/split_14/45982168/45982168_5_original.js_#2#8,/Users/chaiyong/Downloads/matcha/javascript_files_splits/split_14/45982168/45982168_5_155176643.js_#2#8,/Users/chaiyong/Downloads/matcha/javascript_files_splits/split_14/45982168/45982168_5_155174995.js_#2#8,/Users/chaiyong/Downloads/matcha/javascript_files_splits/split_14/45982168/45982168_2_recent.js_#2#8,/Users/chaiyong/Downloads/matcha/javascript_files_splits/split_14/45982168/45982168_2_original.js_#2#8,/Users/chaiyong/Downloads/matcha/javascript_files_splits/split_14/45982168/45982168_2_155176643.js_#2#8,/Users/chaiyong/Downloads/matcha/javascript_files_splits/split_14/45982168/45982168_2_155174995.js_#2#8,/Users/chaiyong/Downloads/matcha/javascript_files_splits/split_10/35634489/35634489_2_recent.js_#23#31,/Users/chaiyong/Downloads/matcha/javascript_files_splits/split_10/35634489/35634489_2_original.js_#23#31,/Users/chaiyong/Downloads/matcha/javascript_files_splits/split_10/35634489/35634489_2_111767785.js_#23#31,/Users/chaiyong/Downloads/matcha/javascript_files_splits/split_10/35634489/35634489_2_111767018.js_#23#31,/Users/chaiyong/Downloads/matcha/javascript_files_splits/split_09/35104863/35104863_8_recent.js_#5#12,/Users/chaiyong/Downloads/matcha/javascript_files_splits/split_09/35104863/35104863_8_original.js_#4#11,/Users/chaiyong/Downloads/matcha/javascript_files_splits/split_09/35104863/35104863_8_109684436.js_#5#12,/Users/chaiyong/Downloads/matcha/javascript_files_splits/split_09/35104863/35104863_8_109684261.js_#4#11,/Users/chaiyong/Downloads/matcha/javascript_files_splits/split_09/35104863/35104863_8_109683706.js_#4#11,/Users/chaiyong/Downloads/matcha/javascript_files_splits/split_09/35104863/35104863_8_109683197.js_#4#11,/Users/chaiyong/Downloads/matcha/javascript_files_splits/split_09/35104863/35104863_8_109682944.js_#4#11,/Users/chaiyong/Downloads/matcha/javascript_files_splits/split_09/35104863/35104863_10_recent.js_#5#12,/Users/chaiyong/Downloads/matcha/javascript_files_splits/split_09/35104863/35104863_10_original.js_#4#11,/Users/chaiyong/Downloads/matcha/javascript_files_splits/split_09/35104863/35104863_10_109684436.js_#5#12,/Users/chaiyong/Downloads/matcha/javascript_files_splits/split_09/35104863/35104863_10_109684261.js_#4#11,/Users/chaiyong/Downloads/matcha/javascript_files_splits/split_09/35104863/35104863_10_109683706.js_#4#11,/Users/chaiyong/Downloads/matcha/javascript_files_splits/split_09/35104863/35104863_10_109683197.js_#4#11,/Users/chaiyong/Downloads/matcha/javascript_files_splits/split_09/35104863/35104863_10_109682944.js_#4#11,/Users/chaiyong/Downloads/matcha/javascript_files_splits/split_16/52061435/52061435_2_original.js_#17#31,/Users/chaiyong/Downloads/matcha/javascript_files_splits/split_16/52061435/52061435_2_180646336.js_#17#31,/Users/chaiyong/Downloads/matcha/javascript_files_splits/split_13/45537611/45537611_14_recent.js_#33#49,/Users/chaiyong/Downloads/matcha/javascript_files_splits/split_13/45537611/45537611_14_153357941.js_#33#49,/Users/chaiyong/Downloads/matcha/javascript_files_splits/split_13/43225334/43225334_6_157275934.js_#3#10,/Users/chaiyong/Downloads/matcha/javascript_files_splits/split_13/43225334/43225334_6_157272961.js_#3#10,/Users/chaiyong/Downloads/matcha/javascript_files_splits/split_13/43225334/43225334_4_142355140.js_#3#10,/Users/chaiyong/Downloads/matcha/javascript_files_splits/split_13/43225334/43225334_4_142354599.js_#3#10,/Users/chaiyong/Downloads/matcha/javascript_files_splits/split_13/43225334/43225334_4_142354125.js_#3#10,/Users/chaiyong/Downloads/matcha/javascript_files_splits/split_10/36672090/36672090_6_recent.js_#2#9,/Users/chaiyong/Downloads/matcha/javascript_files_splits/split_10/36672090/36672090_6_116009018.js_#2#9,/Users/chaiyong/Downloads/matcha/javascript_files_splits/split_10/36672090/36672090_2_115895570.js_#2#9,/Users/chaiyong/Downloads/matcha/javascript_files_splits/split_18/61088761/61088761_4_recent.js_#12#25,/Users/chaiyong/Downloads/matcha/javascript_files_splits/split_18/61088761/61088761_4_original.js_#12#25,/Users/chaiyong/Downloads/matcha/javascript_files_splits/split_18/61088761/61088761_4_218673389.js_#12#25,/Users/chaiyong/Downloads/matcha/javascript_files_splits/split_18/61088761/61088761_4_218672321.js_#12#25,/Users/chaiyong/Downloads/matcha/javascript_files_splits/split_17/55759172/55759172_2_original.js_#20#34
/Users/chaiyong/Downloads/matcha/js_repos/next.js/test/e2e/next-image-legacy/base-path/pages/missing-src.js_#4#10,/Users/chaiyong/Downloads/matcha/javascript_files_splits/split_19/64668277/64668277_2_recent.js_#18#27,/Users/chaiyong/Downloads/matcha/javascript_files_splits/split_19/64668277/64668277_2_original.js_#18#27,/Users/chaiyong/Downloads/matcha/javascript_files_splits/split_19/64668277/64668277_2_234182213.js_#18#27,/Users/chaiyong/Downloads/matcha/javascript_files_splits/split_19/64668277/64668277_2_234180679.js_#18#27
/Users/chaiyong/Downloads/matcha/js_repos/next.js/test/e2e/next-image-legacy/default/pages/missing-src.js_#4#10,/Users/chaiyong/Downloads/matcha/javascript_files_splits/split_19/64668277/64668277_2_recent.js_#18#27,/Users/chaiyong/Downloads/matcha/javascript_files_splits/split_19/64668277/64668277_2_original.js_#18#27,/Users/chaiyong/Downloads/matcha/javascript_files_splits/split_19/64668277/64668277_2_234182213.js_#18#27,/Users/chaiyong/Downloads/matcha/javascript_files_splits/split_19/64668277/64668277_2_234180679.js_#18#27
/Users/chaiyong/Downloads/matcha/js_repos/next.js/test/e2e/next-image-legacy/asset-prefix/pages/index.js_#5#12,/Users/chaiyong/Downloads/matcha/javascript_files_splits/split_15/51812725/51812725_2_original.js_#18#38,/Users/chaiyong/Downloads/matcha/javascript_files_splits/split_15/51812725/51812725_2_179615376.js_#18#38,/Users/chaiyong/Downloads/matcha/javascript_files_splits/split_19/65097414/65097414_2_recent.js_#1#12,/Users/chaiyong/Downloads/matcha/javascript_files_splits/split_19/65097414/65097414_2_236056319.js_#1#12
/Users/chaiyong/Downloads/matcha/js_repos/next.js/test/e2e/hashbang/src/pages/index.js_#12#18,/Users/chaiyong/Downloads/matcha/javascript_files_splits/split_15/51618135/51618135_2_recent.js_#15#26,/Users/chaiyong/Downloads/matcha/javascript_files_splits/split_15/51618135/51618135_2_original.js_#15#26,/Users/chaiyong/Downloads/matcha/javascript_files_splits/split_15/51618135/51618135_2_178807509.js_#15#26,/Users/chaiyong/Downloads/matcha/javascript_files_splits/split_15/51618135/51618135_2_178804920.js_#15#26,/Users/chaiyong/Downloads/matcha/javascript_files_splits/split_14/46012478/46012478_4_original.js_#1#16,/Users/chaiyong/Downloads/matcha/javascript_files_splits/split_14/46012478/46012478_4_155307351.js_#1#16,/Users/chaiyong/Downloads/matcha/javascript_files_splits/split_14/46012478/46012478_4_155307513.js_#1#16,/Users/chaiyong/Downloads/matcha/javascript_files_splits/split_15/49366440/49366440_2_recent.js_#1#15,/Users/chaiyong/Downloads/matcha/javascript_files_splits/split_15/49366440/49366440_2_original.js_#1#17,/Users/chaiyong/Downloads/matcha/javascript_files_splits/split_15/49366440/49366440_2_169313980.js_#1#15,/Users/chaiyong/Downloads/matcha/javascript_files_splits/split_15/49366440/49366440_2_169313439.js_#1#17,/Users/chaiyong/Downloads/matcha/javascript_files_splits/split_17/55797932/55797932_2_recent.js_#25#42,/Users/chaiyong/Downloads/matcha/javascript_files_splits/split_17/55797932/55797932_2_196300564.js_#25#42,/Users/chaiyong/Downloads/matcha/javascript_files_splits/split_17/55797932/55797932_2_196300195.js_#25#42,/Users/chaiyong/Downloads/matcha/javascript_files_splits/split_16/54991788/54991788_2_192901834.js_#19#37,/Users/chaiyong/Downloads/matcha/javascript_files_splits/split_19/63874734/63874734_2_recent.js_#31#55,/Users/chaiyong/Downloads/matcha/javascript_files_splits/split_19/63874734/63874734_2_original.js_#31#55,/Users/chaiyong/Downloads/matcha/javascript_files_splits/split_19/63874734/63874734_2_230749711.js_#31#55,/Users/chaiyong/Downloads/matcha/javascript_files_splits/split_19/63874734/63874734_2_230749142.js_#31#55,/Users/chaiyong/Downloads/matcha/javascript_files_splits/split_17/55797932/55797932_2_recent.js_#19#45,/Users/chaiyong/Downloads/matcha/javascript_files_splits/split_17/55797932/55797932_2_196300564.js_#19#45,/Users/chaiyong/Downloads/matcha/javascript_files_splits/split_17/55797932/55797932_2_196300195.js_#19#45,/Users/chaiyong/Downloads/matcha/javascript_files_splits/split_14/48616432/48616432_4_recent.js_#1#14,/Users/chaiyong/Downloads/matcha/javascript_files_splits/split_14/48616432/48616432_4_original.js_#1#14,/Users/chaiyong/Downloads/matcha/javascript_files_splits/split_14/48616432/48616432_4_166168647.js_#1#14,/Users/chaiyong/Downloads/matcha/javascript_files_splits/split_14/48616432/48616432_4_166168139.js_#1#14,/Users/chaiyong/Downloads/matcha/javascript_files_splits/split_14/47402440/47402440_4_recent.js_#9#26,/Users/chaiyong/Downloads/matcha/javascript_files_splits/split_14/47402440/47402440_4_original.js_#9#26,/Users/chaiyong/Downloads/matcha/javascript_files_splits/split_14/47402440/47402440_4_161067298.js_#9#26,/Users/chaiyong/Downloads/matcha/javascript_files_splits/split_14/47402440/47402440_2_161066859.js_#9#26,/Users/chaiyong/Downloads/matcha/javascript_files_splits/split_18/60982872/60982872_2_recent.js_#1#11,/Users/chaiyong/Downloads/matcha/javascript_files_splits/split_18/60982872/60982872_2_original.js_#1#11,/Users/chaiyong/Downloads/matcha/javascript_files_splits/split_18/60982872/60982872_2_218454535.js_#1#11,/Users/chaiyong/Downloads/matcha/javascript_files_splits/split_18/60982872/60982872_2_218227454.js_#1#11,/Users/chaiyong/Downloads/matcha/javascript_files_splits/split_18/60982872/60982872_2_218221154.js_#1#11,/Users/chaiyong/Downloads/matcha/javascript_files_splits/split_16/52646355/52646355_2_recent.js_#17#27,/Users/chaiyong/Downloads/matcha/javascript_files_splits/split_16/52646355/52646355_2_183089296.js_#17#27,/Users/chaiyong/Downloads/matcha/javascript_files_splits/split_16/52710575/52710575_6_recent.js_#1#12,/Users/chaiyong/Downloads/matcha/javascript_files_splits/split_16/52710575/52710575_6_original.js_#1#12,/Users/chaiyong/Downloads/matcha/javascript_files_splits/split_16/52710575/52710575_6_183345953.js_#1#12,/Users/chaiyong/Downloads/matcha/javascript_files_splits/split_16/52710575/52710575_6_183345716.js_#1#12,/Users/chaiyong/Downloads/matcha/javascript_files_splits/split_14/47843750/47843750_2_recent.js_#76#137,/Users/chaiyong/Downloads/matcha/javascript_files_splits/split_14/47843750/47843750_2_original.js_#74#135,/Users/chaiyong/Downloads/matcha/javascript_files_splits/split_14/47843750/47843750_2_162922393.js_#76#137,/Users/chaiyong/Downloads/matcha/javascript_files_splits/split_14/47843750/47843750_2_162922163.js_#74#135,/Users/chaiyong/Downloads/matcha/javascript_files_splits/split_11/38742438/38742438_2_recent.js_#17#30,/Users/chaiyong/Downloads/matcha/javascript_files_splits/split_11/38742438/38742438_2_163929579.js_#17#30,/Users/chaiyong/Downloads/matcha/javascript_files_splits/split_11/38742438/38742438_2_157351997.js_#17#30,/Users/chaiyong/Downloads/matcha/javascript_files_splits/split_18/61283864/61283864_6_219497437.js_#3#38,/Users/chaiyong/Downloads/matcha/javascript_files_splits/split_18/61283864/61283864_6_219497229.js_#3#38,/Users/chaiyong/Downloads/matcha/javascript_files_splits/split_18/61283864/61283864_6_219496673.js_#3#38,/Users/chaiyong/Downloads/matcha/javascript_files_splits/split_18/61283864/61283864_4_219500769.js_#3#38,/Users/chaiyong/Downloads/matcha/javascript_files_splits/split_18/61283864/61283864_4_219498689.js_#3#38,/Users/chaiyong/Downloads/matcha/javascript_files_splits/split_18/61283864/61283864_4_219498213.js_#3#38,/Users/chaiyong/Downloads/matcha/javascript_files_splits/split_19/61868442/61868442_1_original.js_#22#35,/Users/chaiyong/Downloads/matcha/javascript_files_splits/split_19/61868442/61868442_1_221933685.js_#22#35,/Users/chaiyong/Downloads/matcha/javascript_files_splits/split_18/61283864/61283864_4_recent.js_#1#39,/Users/chaiyong/Downloads/matcha/javascript_files_splits/split_18/61283864/61283864_4_219505780.js_#1#39,/Users/chaiyong/Downloads/matcha/javascript_files_splits/split_19/62745905/62745905_2_original.js_#35#118,/Users/chaiyong/Downloads/matcha/javascript_files_splits/split_19/62745905/62745905_2_225943137.js_#45#130,/Users/chaiyong/Downloads/matcha/javascript_files_splits/split_19/62745905/62745905_2_225942874.js_#35#118,/Users/chaiyong/Downloads/matcha/javascript_files_splits/split_19/62745905/62745905_2_recent.js_#52#178,/Users/chaiyong/Downloads/matcha/javascript_files_splits/split_19/62745905/62745905_2_225965620.js_#52#178
/Users/chaiyong/Downloads/matcha/js_repos/next.js/test/e2e/react-version/lib/react-version.js_#3#10,/Users/chaiyong/Downloads/matcha/javascript_files_splits/split_16/52396272/52396272_2_original.js_#10#31,/Users/chaiyong/Downloads/matcha/javascript_files_splits/split_16/52396272/52396272_2_182042824.js_#10#31,/Users/chaiyong/Downloads/matcha/javascript_files_splits/split_17/56889624/56889624_6_recent.js_#4#24,/Users/chaiyong/Downloads/matcha/javascript_files_splits/split_17/56889624/56889624_6_201052254.js_#4#24
/Users/chaiyong/Downloads/matcha/js_repos/next.js/test/e2e/non-standard-node-env-warning/server.js_#19#25,/Users/chaiyong/Downloads/matcha/javascript_files_splits/split_18/59726527/59726527_2_recent.js_#12#18,/Users/chaiyong/Downloads/matcha/javascript_files_splits/split_18/59726527/59726527_2_original.js_#12#18,/Users/chaiyong/Downloads/matcha/javascript_files_splits/split_18/59726527/59726527_2_212889922.js_#12#18,/Users/chaiyong/Downloads/matcha/javascript_files_splits/split_18/59726527/59726527_2_212889807.js_#12#18,/Users/chaiyong/Downloads/matcha/javascript_files_splits/split_18/59726527/59726527_2_recent.js_#2#20,/Users/chaiyong/Downloads/matcha/javascript_files_splits/split_18/59726527/59726527_2_original.js_#2#20,/Users/chaiyong/Downloads/matcha/javascript_files_splits/split_18/59726527/59726527_2_212889922.js_#2#20,/Users/chaiyong/Downloads/matcha/javascript_files_splits/split_18/59726527/59726527_2_212889807.js_#2#20,/Users/chaiyong/Downloads/matcha/javascript_files_splits/split_18/59726527/59726527_2_recent.js_#1#21,/Users/chaiyong/Downloads/matcha/javascript_files_splits/split_18/59726527/59726527_2_original.js_#1#22,/Users/chaiyong/Downloads/matcha/javascript_files_splits/split_18/59726527/59726527_2_212889922.js_#1#21,/Users/chaiyong/Downloads/matcha/javascript_files_splits/split_18/59726527/59726527_2_212889807.js_#1#22
/Users/chaiyong/Downloads/matcha/js_repos/next.js/test/e2e/auto-export/pages/commonjs1.js_#3#9,/Users/chaiyong/Downloads/matcha/javascript_files_splits/split_14/45982168/45982168_5_recent.js_#2#8,/Users/chaiyong/Downloads/matcha/javascript_files_splits/split_14/45982168/45982168_5_original.js_#2#8,/Users/chaiyong/Downloads/matcha/javascript_files_splits/split_14/45982168/45982168_5_155176643.js_#2#8,/Users/chaiyong/Downloads/matcha/javascript_files_splits/split_14/45982168/45982168_5_155174995.js_#2#8,/Users/chaiyong/Downloads/matcha/javascript_files_splits/split_14/45982168/45982168_2_recent.js_#2#8,/Users/chaiyong/Downloads/matcha/javascript_files_splits/split_14/45982168/45982168_2_original.js_#2#8,/Users/chaiyong/Downloads/matcha/javascript_files_splits/split_14/45982168/45982168_2_155176643.js_#2#8,/Users/chaiyong/Downloads/matcha/javascript_files_splits/split_14/45982168/45982168_2_155174995.js_#2#8,/Users/chaiyong/Downloads/matcha/javascript_files_splits/split_14/48494032/48494032_2_original.js_#42#49,/Users/chaiyong/Downloads/matcha/javascript_files_splits/split_14/48494032/48494032_2_165656618.js_#42#49,/Users/chaiyong/Downloads/matcha/javascript_files_splits/split_17/56808161/56808161_12_recent.js_#4#10,/Users/chaiyong/Downloads/matcha/javascript_files_splits/split_17/56808161/56808161_12_original.js_#4#10,/Users/chaiyong/Downloads/matcha/javascript_files_splits/split_17/56808161/56808161_12_220180265.js_#4#10,/Users/chaiyong/Downloads/matcha/javascript_files_splits/split_17/56808161/56808161_12_209148821.js_#4#10,/Users/chaiyong/Downloads/matcha/javascript_files_splits/split_17/56808161/56808161_10_200561777.js_#4#10,/Users/chaiyong/Downloads/matcha/javascript_files_splits/split_17/55167800/55167800_2_recent.js_#11#17,/Users/chaiyong/Downloads/matcha/javascript_files_splits/split_17/55167800/55167800_2_193632446.js_#11#17,/Users/chaiyong/Downloads/matcha/javascript_files_splits/split_10/35506346/35506346_6_recent.js_#2#8,/Users/chaiyong/Downloads/matcha/javascript_files_splits/split_10/35506346/35506346_6_original.js_#2#8,/Users/chaiyong/Downloads/matcha/javascript_files_splits/split_10/35506346/35506346_6_111259930.js_#2#8,/Users/chaiyong/Downloads/matcha/javascript_files_splits/split_14/48494032/48494032_2_recent.js_#42#49,/Users/chaiyong/Downloads/matcha/javascript_files_splits/split_14/48494032/48494032_2_166053621.js_#42#49,/Users/chaiyong/Downloads/matcha/javascript_files_splits/split_14/48255554/48255554_4_recent.js_#1#9,/Users/chaiyong/Downloads/matcha/javascript_files_splits/split_14/48255554/48255554_4_original.js_#1#9,/Users/chaiyong/Downloads/matcha/javascript_files_splits/split_14/48255554/48255554_4_164663795.js_#1#9,/Users/chaiyong/Downloads/matcha/javascript_files_splits/split_14/48255554/48255554_4_164663444.js_#1#9,/Users/chaiyong/Downloads/matcha/javascript_files_splits/split_10/35634489/35634489_2_recent.js_#23#31,/Users/chaiyong/Downloads/matcha/javascript_files_splits/split_10/35634489/35634489_2_original.js_#23#31,/Users/chaiyong/Downloads/matcha/javascript_files_splits/split_10/35634489/35634489_2_111767785.js_#23#31,/Users/chaiyong/Downloads/matcha/javascript_files_splits/split_10/35634489/35634489_2_111767018.js_#23#31,/Users/chaiyong/Downloads/matcha/javascript_files_splits/split_12/41223425/41223425_2_recent.js_#18#24,/Users/chaiyong/Downloads/matcha/javascript_files_splits/split_12/41223425/41223425_2_original.js_#18#24,/Users/chaiyong/Downloads/matcha/javascript_files_splits/split_12/41223425/41223425_2_158004503.js_#18#24,/Users/chaiyong/Downloads/matcha/javascript_files_splits/split_12/41223425/41223425_2_142094985.js_#18#24,/Users/chaiyong/Downloads/matcha/javascript_files_splits/split_12/41223425/41223425_2_134166616.js_#18#24,/Users/chaiyong/Downloads/matcha/javascript_files_splits/split_11/38583123/38583123_2_original.js_#14#23,/Users/chaiyong/Downloads/matcha/javascript_files_splits/split_11/38583123/38583123_2_123463700.js_#14#23,/Users/chaiyong/Downloads/matcha/javascript_files_splits/split_18/59115215/59115215_6_original.js_#14#23,/Users/chaiyong/Downloads/matcha/javascript_files_splits/split_18/59115215/59115215_6_210280575.js_#14#23,/Users/chaiyong/Downloads/matcha/javascript_files_splits/split_10/36652129/36652129_4_recent.js_#2#11,/Users/chaiyong/Downloads/matcha/javascript_files_splits/split_10/36652129/36652129_4_original.js_#2#11,/Users/chaiyong/Downloads/matcha/javascript_files_splits/split_10/36652129/36652129_4_187512563.js_#2#11,/Users/chaiyong/Downloads/matcha/javascript_files_splits/split_10/36652129/36652129_4_115808825.js_#2#11,/Users/chaiyong/Downloads/matcha/javascript_files_splits/split_10/36672090/36672090_6_recent.js_#2#9,/Users/chaiyong/Downloads/matcha/javascript_files_splits/split_10/36672090/36672090_6_116009018.js_#2#9,/Users/chaiyong/Downloads/matcha/javascript_files_splits/split_10/36672090/36672090_2_115895570.js_#2#9,/Users/chaiyong/Downloads/matcha/javascript_files_splits/split_18/61088761/61088761_4_recent.js_#12#25,/Users/chaiyong/Downloads/matcha/javascript_files_splits/split_18/61088761/61088761_4_original.js_#12#25,/Users/chaiyong/Downloads/matcha/javascript_files_splits/split_18/61088761/61088761_4_218673389.js_#12#25,/Users/chaiyong/Downloads/matcha/javascript_files_splits/split_18/61088761/61088761_4_218672321.js_#12#25,/Users/chaiyong/Downloads/matcha/javascript_files_splits/split_16/54064482/54064482_2_recent.js_#23#35,/Users/chaiyong/Downloads/matcha/javascript_files_splits/split_16/54064482/54064482_2_original.js_#23#35,/Users/chaiyong/Downloads/matcha/javascript_files_splits/split_16/54064482/54064482_2_189038540.js_#23#35,/Users/chaiyong/Downloads/matcha/javascript_files_splits/split_16/54064482/54064482_2_189033554.js_#23#35,/Users/chaiyong/Downloads/matcha/javascript_files_splits/split_14/47279542/47279542_3_original.js_#9#16,/Users/chaiyong/Downloads/matcha/javascript_files_splits/split_14/47279542/47279542_2_160557816.js_#9#16,/Users/chaiyong/Downloads/matcha/javascript_files_splits/split_14/47279542/47279542_2_160555219.js_#9#16,/Users/chaiyong/Downloads/matcha/javascript_files_splits/split_18/60133109/60133109_2_original.js_#14#30,/Users/chaiyong/Downloads/matcha/javascript_files_splits/split_18/60133109/60133109_2_214597855.js_#14#30,/Users/chaiyong/Downloads/matcha/javascript_files_splits/split_18/60140788/60140788_2_recent.js_#5#12,/Users/chaiyong/Downloads/matcha/javascript_files_splits/split_18/60140788/60140788_2_214631784.js_#5#12,/Users/chaiyong/Downloads/matcha/javascript_files_splits/split_15/49658394/49658394_2_recent.js_#59#65,/Users/chaiyong/Downloads/matcha/javascript_files_splits/split_15/49658394/49658394_2_original.js_#59#65,/Users/chaiyong/Downloads/matcha/javascript_files_splits/split_15/49658394/49658394_2_170536214.js_#59#65,/Users/chaiyong/Downloads/matcha/javascript_files_splits/split_15/49658394/49658394_2_170535471.js_#59#65,/Users/chaiyong/Downloads/matcha/javascript_files_splits/split_19/64717589/64717589_4_recent.js_#5#21,/Users/chaiyong/Downloads/matcha/javascript_files_splits/split_19/64717589/64717589_4_original.js_#5#21,/Users/chaiyong/Downloads/matcha/javascript_files_splits/split_19/64717589/64717589_4_234394023.js_#5#21,/Users/chaiyong/Downloads/matcha/javascript_files_splits/split_19/64717589/64717589_4_234389512.js_#5#21,/Users/chaiyong/Downloads/matcha/javascript_files_splits/split_18/60133109/60133109_2_recent.js_#19#39,/Users/chaiyong/Downloads/matcha/javascript_files_splits/split_18/60133109/60133109_2_214598060.js_#19#39,/Users/chaiyong/Downloads/matcha/javascript_files_splits/split_12/42040810/42040810_2_recent.js_#20#26,/Users/chaiyong/Downloads/matcha/javascript_files_splits/split_12/42040810/42040810_2_original.js_#13#19,/Users/chaiyong/Downloads/matcha/javascript_files_splits/split_12/42040810/42040810_2_137602814.js_#20#26,/Users/chaiyong/Downloads/matcha/javascript_files_splits/split_12/42040810/42040810_2_137582029.js_#25#31,/Users/chaiyong/Downloads/matcha/javascript_files_splits/split_12/42040810/42040810_2_137581718.js_#25#31,/Users/chaiyong/Downloads/matcha/javascript_files_splits/split_12/42040810/42040810_2_137580031.js_#25#31,/Users/chaiyong/Downloads/matcha/javascript_files_splits/split_12/42040810/42040810_2_137579308.js_#19#25,/Users/chaiyong/Downloads/matcha/javascript_files_splits/split_12/42040810/42040810_2_137579005.js_#19#25,/Users/chaiyong/Downloads/matcha/javascript_files_splits/split_12/42040810/42040810_2_137578507.js_#13#19,/Users/chaiyong/Downloads/matcha/javascript_files_splits/split_08/30991351/30991351_2_recent.js_#5#11,/Users/chaiyong/Downloads/matcha/javascript_files_splits/split_08/30991351/30991351_2_original.js_#5#11,/Users/chaiyong/Downloads/matcha/javascript_files_splits/split_08/30991351/30991351_2_94986648.js_#5#11,/Users/chaiyong/Downloads/matcha/javascript_files_splits/split_08/30991351/30991351_2_94108950.js_#5#11,/Users/chaiyong/Downloads/matcha/javascript_files_splits/split_08/30991351/30991351_2_93919207.js_#5#11,/Users/chaiyong/Downloads/matcha/javascript_files_splits/split_08/30991351/30991351_2_93429466.js_#5#11,/Users/chaiyong/Downloads/matcha/javascript_files_splits/split_08/30991351/30991351_2_93429248.js_#5#11,/Users/chaiyong/Downloads/matcha/javascript_files_splits/split_08/30991351/30991351_2_93428983.js_#5#11,/Users/chaiyong/Downloads/matcha/javascript_files_splits/split_17/55759172/55759172_2_original.js_#20#34,/Users/chaiyong/Downloads/matcha/javascript_files_splits/split_17/55759172/55759172_2_196123585.js_#20#34,/Users/chaiyong/Downloads/matcha/javascript_files_splits/split_18/61283490/61283490_6_recent.js_#14#30,/Users/chaiyong/Downloads/matcha/javascript_files_splits/split_18/61283490/61283490_6_original.js_#14#30,/Users/chaiyong/Downloads/matcha/javascript_files_splits/split_18/61283490/61283490_6_219492620.js_#14#30,/Users/chaiyong/Downloads/matcha/javascript_files_splits/split_18/61283490/61283490_6_219492300.js_#14#30,/Users/chaiyong/Downloads/matcha/javascript_files_splits/split_18/61283490/61283490_6_219492007.js_#14#30,/Users/chaiyong/Downloads/matcha/javascript_files_splits/split_16/53825651/53825651_2_recent.js_#35#48,/Users/chaiyong/Downloads/matcha/javascript_files_splits/split_16/53825651/53825651_2_original.js_#35#48,/Users/chaiyong/Downloads/matcha/javascript_files_splits/split_16/53825651/53825651_2_188023490.js_#35#48,/Users/chaiyong/Downloads/matcha/javascript_files_splits/split_16/53825651/53825651_2_188023308.js_#35#48,/Users/chaiyong/Downloads/matcha/javascript_files_splits/split_17/56664773/56664773_2_recent.js_#13#21
/Users/chaiyong/Downloads/matcha/js_repos/next.js/test/e2e/on-request-error/server-action-error/app/client/callback/page.js_#5#11,/Users/chaiyong/Downloads/matcha/javascript_files_splits/split_18/60240247/60240247_2_recent.js_#2#8,/Users/chaiyong/Downloads/matcha/javascript_files_splits/split_18/60240247/60240247_2_original.js_#2#8,/Users/chaiyong/Downloads/matcha/javascript_files_splits/split_18/60240247/60240247_2_215047348.js_#2#8,/Users/chaiyong/Downloads/matcha/javascript_files_splits/split_18/60240247/60240247_2_215046953.js_#2#8,/Users/chaiyong/Downloads/matcha/javascript_files_splits/split_18/60240247/60240247_2_215046498.js_#2#8,/Users/chaiyong/Downloads/matcha/javascript_files_splits/split_19/64418614/64418614_4_recent.js_#8#26,/Users/chaiyong/Downloads/matcha/javascript_files_splits/split_19/64418614/64418614_4_original.js_#8#26,/Users/chaiyong/Downloads/matcha/javascript_files_splits/split_19/64418614/64418614_4_233094432.js_#8#26,/Users/chaiyong/Downloads/matcha/javascript_files_splits/split_19/64418614/64418614_2_233094200.js_#8#26,/Users/chaiyong/Downloads/matcha/javascript_files_splits/split_17/55184328/55184328_2_recent.js_#13#25,/Users/chaiyong/Downloads/matcha/javascript_files_splits/split_17/55184328/55184328_2_original.js_#13#25,/Users/chaiyong/Downloads/matcha/javascript_files_splits/split_17/55184328/55184328_2_193703416.js_#13#25,/Users/chaiyong/Downloads/matcha/javascript_files_splits/split_17/55184328/55184328_2_193699316.js_#13#25,/Users/chaiyong/Downloads/matcha/javascript_files_splits/split_19/64717589/64717589_4_recent.js_#5#21,/Users/chaiyong/Downloads/matcha/javascript_files_splits/split_19/64717589/64717589_4_original.js_#5#21,/Users/chaiyong/Downloads/matcha/javascript_files_splits/split_19/64717589/64717589_4_234394023.js_#5#21,/Users/chaiyong/Downloads/matcha/javascript_files_splits/split_19/64717589/64717589_4_234389512.js_#5#21,/Users/chaiyong/Downloads/matcha/javascript_files_splits/split_18/61283490/61283490_6_recent.js_#14#30,/Users/chaiyong/Downloads/matcha/javascript_files_splits/split_18/61283490/61283490_6_original.js_#14#30,/Users/chaiyong/Downloads/matcha/javascript_files_splits/split_18/61283490/61283490_6_219492620.js_#14#30,/Users/chaiyong/Downloads/matcha/javascript_files_splits/split_18/61283490/61283490_6_219492300.js_#14#30,/Users/chaiyong/Downloads/matcha/javascript_files_splits/split_18/61283490/61283490_6_219492007.js_#14#30,/Users/chaiyong/Downloads/matcha/javascript_files_splits/split_18/59089342/59089342_2_original.js_#33#41,/Users/chaiyong/Downloads/matcha/javascript_files_splits/split_18/59089342/59089342_2_210164868.js_#33#41,/Users/chaiyong/Downloads/matcha/javascript_files_splits/split_18/60133109/60133109_2_recent.js_#19#39,/Users/chaiyong/Downloads/matcha/javascript_files_splits/split_18/60133109/60133109_2_214598060.js_#19#39,/Users/chaiyong/Downloads/matcha/javascript_files_splits/split_15/51812725/51812725_2_original.js_#21#35,/Users/chaiyong/Downloads/matcha/javascript_files_splits/split_15/51812725/51812725_2_179615376.js_#21#35,/Users/chaiyong/Downloads/matcha/javascript_files_splits/split_15/51812725/51812725_2_original.js_#18#38,/Users/chaiyong/Downloads/matcha/javascript_files_splits/split_15/51812725/51812725_2_179615376.js_#18#38,/Users/chaiyong/Downloads/matcha/javascript_files_splits/split_18/60133109/60133109_2_recent.js_#20#32,/Users/chaiyong/Downloads/matcha/javascript_files_splits/split_18/60133109/60133109_2_214598060.js_#20#32,/Users/chaiyong/Downloads/matcha/javascript_files_splits/split_15/51812725/51812725_2_recent.js_#24#51,/Users/chaiyong/Downloads/matcha/javascript_files_splits/split_15/51812725/51812725_2_210517528.js_#24#51,/Users/chaiyong/Downloads/matcha/javascript_files_splits/split_15/51812725/51812725_2_recent.js_#21#54,/Users/chaiyong/Downloads/matcha/javascript_files_splits/split_15/51812725/51812725_2_210517528.js_#21#54,/Users/chaiyong/Downloads/matcha/javascript_files_splits/split_18/58598144/58598144_8_208121975.js_#3#29,/Users/chaiyong/Downloads/matcha/javascript_files_splits/split_18/58598144/58598144_6_recent.js_#3#30,/Users/chaiyong/Downloads/matcha/javascript_files_splits/split_18/58598144/58598144_6_original.js_#3#29,/Users/chaiyong/Downloads/matcha/javascript_files_splits/split_18/58598144/58598144_6_208247889.js_#3#30,/Users/chaiyong/Downloads/matcha/javascript_files_splits/split_18/58598144/58598144_6_208122921.js_#3#30,/Users/chaiyong/Downloads/matcha/javascript_files_splits/split_18/58598144/58598144_6_208122451.js_#3#30,/Users/chaiyong/Downloads/matcha/javascript_files_splits/split_18/58598144/58598144_6_208122386.js_#3#29,/Users/chaiyong/Downloads/matcha/javascript_files_splits/split_18/58598144/58598144_6_208121975.js_#3#31,/Users/chaiyong/Downloads/matcha/javascript_files_splits/split_18/58598144/58598144_6_208121775.js_#3#29,/Users/chaiyong/Downloads/matcha/javascript_files_splits/split_18/58598144/58598144_4_recent.js_#4#33,/Users/chaiyong/Downloads/matcha/javascript_files_splits/split_18/58598144/58598144_4_original.js_#3#31,/Users/chaiyong/Downloads/matcha/javascript_files_splits/split_18/58598144/58598144_4_208247889.js_#4#33,/Users/chaiyong/Downloads/matcha/javascript_files_splits/split_18/58598144/58598144_4_208122921.js_#4#33,/Users/chaiyong/Downloads/matcha/javascript_files_splits/split_18/58598144/58598144_4_208122451.js_#4#33,/Users/chaiyong/Downloads/matcha/javascript_files_splits/split_18/58598144/58598144_4_208122386.js_#4#32,/Users/chaiyong/Downloads/matcha/javascript_files_splits/split_18/58598144/58598144_4_208121154.js_#3#29,/Users/chaiyong/Downloads/matcha/javascript_files_splits/split_17/55184328/55184328_5_recent.js_#2#18,/Users/chaiyong/Downloads/matcha/javascript_files_splits/split_17/55184328/55184328_5_original.js_#2#18,/Users/chaiyong/Downloads/matcha/javascript_files_splits/split_17/55184328/55184328_5_193703416.js_#2#18
/Users/chaiyong/Downloads/matcha/js_repos/next.js/test/e2e/on-request-error/server-action-error/app/client/callback/edge/page.js_#5#11,/Users/chaiyong/Downloads/matcha/javascript_files_splits/split_18/60240247/60240247_2_recent.js_#2#8,/Users/chaiyong/Downloads/matcha/javascript_files_splits/split_18/60240247/60240247_2_original.js_#2#8,/Users/chaiyong/Downloads/matcha/javascript_files_splits/split_18/60240247/60240247_2_215047348.js_#2#8,/Users/chaiyong/Downloads/matcha/javascript_files_splits/split_18/60240247/60240247_2_215046953.js_#2#8,/Users/chaiyong/Downloads/matcha/javascript_files_splits/split_18/60240247/60240247_2_215046498.js_#2#8,/Users/chaiyong/Downloads/matcha/javascript_files_splits/split_19/64418614/64418614_4_recent.js_#8#26,/Users/chaiyong/Downloads/matcha/javascript_files_splits/split_19/64418614/64418614_4_original.js_#8#26,/Users/chaiyong/Downloads/matcha/javascript_files_splits/split_19/64418614/64418614_4_233094432.js_#8#26,/Users/chaiyong/Downloads/matcha/javascript_files_splits/split_19/64418614/64418614_2_233094200.js_#8#26,/Users/chaiyong/Downloads/matcha/javascript_files_splits/split_17/55184328/55184328_2_recent.js_#13#25,/Users/chaiyong/Downloads/matcha/javascript_files_splits/split_17/55184328/55184328_2_original.js_#13#25,/Users/chaiyong/Downloads/matcha/javascript_files_splits/split_17/55184328/55184328_2_193703416.js_#13#25,/Users/chaiyong/Downloads/matcha/javascript_files_splits/split_17/55184328/55184328_2_193699316.js_#13#25,/Users/chaiyong/Downloads/matcha/javascript_files_splits/split_19/64717589/64717589_4_recent.js_#5#21,/Users/chaiyong/Downloads/matcha/javascript_files_splits/split_19/64717589/64717589_4_original.js_#5#21,/Users/chaiyong/Downloads/matcha/javascript_files_splits/split_19/64717589/64717589_4_234394023.js_#5#21,/Users/chaiyong/Downloads/matcha/javascript_files_splits/split_19/64717589/64717589_4_234389512.js_#5#21,/Users/chaiyong/Downloads/matcha/javascript_files_splits/split_18/61283490/61283490_6_recent.js_#14#30,/Users/chaiyong/Downloads/matcha/javascript_files_splits/split_18/61283490/61283490_6_original.js_#14#30,/Users/chaiyong/Downloads/matcha/javascript_files_splits/split_18/61283490/61283490_6_219492620.js_#14#30,/Users/chaiyong/Downloads/matcha/javascript_files_splits/split_18/61283490/61283490_6_219492300.js_#14#30,/Users/chaiyong/Downloads/matcha/javascript_files_splits/split_18/61283490/61283490_6_219492007.js_#14#30,/Users/chaiyong/Downloads/matcha/javascript_files_splits/split_18/59089342/59089342_2_original.js_#33#41,/Users/chaiyong/Downloads/matcha/javascript_files_splits/split_18/59089342/59089342_2_210164868.js_#33#41,/Users/chaiyong/Downloads/matcha/javascript_files_splits/split_18/60133109/60133109_2_recent.js_#19#39,/Users/chaiyong/Downloads/matcha/javascript_files_splits/split_18/60133109/60133109_2_214598060.js_#19#39,/Users/chaiyong/Downloads/matcha/javascript_files_splits/split_15/51812725/51812725_2_original.js_#21#35,/Users/chaiyong/Downloads/matcha/javascript_files_splits/split_15/51812725/51812725_2_179615376.js_#21#35,/Users/chaiyong/Downloads/matcha/javascript_files_splits/split_15/51812725/51812725_2_original.js_#18#38,/Users/chaiyong/Downloads/matcha/javascript_files_splits/split_15/51812725/51812725_2_179615376.js_#18#38,/Users/chaiyong/Downloads/matcha/javascript_files_splits/split_18/60133109/60133109_2_recent.js_#20#32,/Users/chaiyong/Downloads/matcha/javascript_files_splits/split_18/60133109/60133109_2_214598060.js_#20#32,/Users/chaiyong/Downloads/matcha/javascript_files_splits/split_15/51812725/51812725_2_recent.js_#24#51,/Users/chaiyong/Downloads/matcha/javascript_files_splits/split_15/51812725/51812725_2_210517528.js_#24#51,/Users/chaiyong/Downloads/matcha/javascript_files_splits/split_15/51812725/51812725_2_recent.js_#21#54,/Users/chaiyong/Downloads/matcha/javascript_files_splits/split_15/51812725/51812725_2_210517528.js_#21#54,/Users/chaiyong/Downloads/matcha/javascript_files_splits/split_18/58598144/58598144_8_208121975.js_#3#29,/Users/chaiyong/Downloads/matcha/javascript_files_splits/split_18/58598144/58598144_6_recent.js_#3#30,/Users/chaiyong/Downloads/matcha/javascript_files_splits/split_18/58598144/58598144_6_original.js_#3#29,/Users/chaiyong/Downloads/matcha/javascript_files_splits/split_18/58598144/58598144_6_208247889.js_#3#30,/Users/chaiyong/Downloads/matcha/javascript_files_splits/split_18/58598144/58598144_6_208122921.js_#3#30,/Users/chaiyong/Downloads/matcha/javascript_files_splits/split_18/58598144/58598144_6_208122451.js_#3#30,/Users/chaiyong/Downloads/matcha/javascript_files_splits/split_18/58598144/58598144_6_208122386.js_#3#29,/Users/chaiyong/Downloads/matcha/javascript_files_splits/split_18/58598144/58598144_6_208121975.js_#3#31,/Users/chaiyong/Downloads/matcha/javascript_files_splits/split_18/58598144/58598144_6_208121775.js_#3#29,/Users/chaiyong/Downloads/matcha/javascript_files_splits/split_18/58598144/58598144_4_recent.js_#4#33,/Users/chaiyong/Downloads/matcha/javascript_files_splits/split_18/58598144/58598144_4_original.js_#3#31,/Users/chaiyong/Downloads/matcha/javascript_files_splits/split_18/58598144/58598144_4_208247889.js_#4#33,/Users/chaiyong/Downloads/matcha/javascript_files_splits/split_18/58598144/58598144_4_208122921.js_#4#33,/Users/chaiyong/Downloads/matcha/javascript_files_splits/split_18/58598144/58598144_4_208122451.js_#4#33,/Users/chaiyong/Downloads/matcha/javascript_files_splits/split_18/58598144/58598144_4_208122386.js_#4#32,/Users/chaiyong/Downloads/matcha/javascript_files_splits/split_18/58598144/58598144_4_208121154.js_#3#29,/Users/chaiyong/Downloads/matcha/javascript_files_splits/split_17/55184328/55184328_5_recent.js_#2#18,/Users/chaiyong/Downloads/matcha/javascript_files_splits/split_17/55184328/55184328_5_original.js_#2#18,/Users/chaiyong/Downloads/matcha/javascript_files_splits/split_17/55184328/55184328_5_193703416.js_#2#18
/Users/chaiyong/Downloads/matcha/js_repos/next.js/turbopack/crates/turbopack-tracing/tests/node-file-trace/integration/firebase.js_#16#28,/Users/chaiyong/Downloads/matcha/javascript_files_splits/split_18/60843352/60843352_8_recent.js_#93#109,/Users/chaiyong/Downloads/matcha/javascript_files_splits/split_18/60843352/60843352_8_original.js_#95#111,/Users/chaiyong/Downloads/matcha/javascript_files_splits/split_18/60843352/60843352_8_217621960.js_#93#109,/Users/chaiyong/Downloads/matcha/javascript_files_splits/split_18/60843352/60843352_8_217621687.js_#95#111,/Users/chaiyong/Downloads/matcha/javascript_files_splits/split_18/60843352/60843352_6_recent.js_#1#17,/Users/chaiyong/Downloads/matcha/javascript_files_splits/split_18/60843352/60843352_6_original.js_#1#17,/Users/chaiyong/Downloads/matcha/javascript_files_splits/split_18/60843352/60843352_6_217621960.js_#1#17,/Users/chaiyong/Downloads/matcha/javascript_files_splits/split_18/60843352/60843352_6_217621687.js_#1#17
/Users/chaiyong/Downloads/matcha/js_repos/next.js/examples/with-kea/pages/index.js_#32#44,/Users/chaiyong/Downloads/matcha/javascript_files_splits/split_16/54991788/54991788_2_original.js_#19#35,/Users/chaiyong/Downloads/matcha/javascript_files_splits/split_16/54991788/54991788_2_192899843.js_#19#35,/Users/chaiyong/Downloads/matcha/javascript_files_splits/split_13/45537611/45537611_14_recent.js_#33#49,/Users/chaiyong/Downloads/matcha/javascript_files_splits/split_13/45537611/45537611_14_153357941.js_#33#49,/Users/chaiyong/Downloads/matcha/javascript_files_splits/split_13/45537611/45537611_9_153357276.js_#32#48,/Users/chaiyong/Downloads/matcha/javascript_files_splits/split_13/45537611/45537611_14_original.js_#32#48,/Users/chaiyong/Downloads/matcha/javascript_files_splits/split_15/51812725/51812725_2_recent.js_#21#54,/Users/chaiyong/Downloads/matcha/javascript_files_splits/split_15/51812725/51812725_2_210517528.js_#21#54,/Users/chaiyong/Downloads/matcha/javascript_files_splits/split_15/51812725/51812725_2_original.js_#18#38,/Users/chaiyong/Downloads/matcha/javascript_files_splits/split_15/51812725/51812725_2_179615376.js_#18#38
/Users/chaiyong/Downloads/matcha/js_repos/next.js/examples/with-relay-modern/pages/about.js_#3#10,/Users/chaiyong/Downloads/matcha/javascript_files_splits/split_14/48252047/48252047_2_recent.js_#13#26,/Users/chaiyong/Downloads/matcha/javascript_files_splits/split_14/48252047/48252047_2_original.js_#13#26,/Users/chaiyong/Downloads/matcha/javascript_files_splits/split_14/48252047/48252047_2_164649060.js_#13#26,/Users/chaiyong/Downloads/matcha/javascript_files_splits/split_14/48252047/48252047_2_164648356.js_#13#26
/Users/chaiyong/Downloads/matcha/js_repos/next.js/examples/with-passport-and-next-connect/pages/api/user.js_#9#15,/Users/chaiyong/Downloads/matcha/javascript_files_splits/split_15/50776706/50776706_2_recent.js_#5#42,/Users/chaiyong/Downloads/matcha/javascript_files_splits/split_15/50776706/50776706_2_175248621.js_#5#42,/Users/chaiyong/Downloads/matcha/javascript_files_splits/split_15/50776706/50776706_2_original.js_#5#42,/Users/chaiyong/Downloads/matcha/javascript_files_splits/split_15/50776706/50776706_2_175247264.js_#5#42
/Users/chaiyong/Downloads/matcha/js_repos/next.js/examples/with-facebook-pixel/public/scripts/pixel.js_#3#18,/Users/chaiyong/Downloads/matcha/javascript_files_splits/split_16/53348440/53348440_7_recent.js_#1#7,/Users/chaiyong/Downloads/matcha/javascript_files_splits/split_16/53348440/53348440_7_original.js_#1#7,/Users/chaiyong/Downloads/matcha/javascript_files_splits/split_16/53348440/53348440_7_186011767.js_#1#7,/Users/chaiyong/Downloads/matcha/javascript_files_splits/split_16/53348440/53348440_7_186011087.js_#1#7
/Users/chaiyong/Downloads/matcha/js_repos/next.js/examples/with-passport/pages/api/login.js_#8#14,/Users/chaiyong/Downloads/matcha/javascript_files_splits/split_16/53051639/53051639_2_recent.js_#3#9,/Users/chaiyong/Downloads/matcha/javascript_files_splits/split_16/53051639/53051639_2_original.js_#3#9,/Users/chaiyong/Downloads/matcha/javascript_files_splits/split_16/53051639/53051639_2_184767109.js_#3#9,/Users/chaiyong/Downloads/matcha/javascript_files_splits/split_16/53051639/53051639_2_184766941.js_#3#9,/Users/chaiyong/Downloads/matcha/javascript_files_splits/split_16/53051639/53051639_2_184766858.js_#3#9,/Users/chaiyong/Downloads/matcha/javascript_files_splits/split_16/53051639/53051639_2_recent.js_#2#10,/Users/chaiyong/Downloads/matcha/javascript_files_splits/split_16/53051639/53051639_2_original.js_#2#10,/Users/chaiyong/Downloads/matcha/javascript_files_splits/split_16/53051639/53051639_2_184767109.js_#2#10,/Users/chaiyong/Downloads/matcha/javascript_files_splits/split_16/53051639/53051639_2_184766941.js_#2#10,/Users/chaiyong/Downloads/matcha/javascript_files_splits/split_16/53051639/53051639_2_184766858.js_#2#10,/Users/chaiyong/Downloads/matcha/javascript_files_splits/split_16/53051639/53051639_2_recent.js_#1#11,/Users/chaiyong/Downloads/matcha/javascript_files_splits/split_16/53051639/53051639_2_original.js_#1#11,/Users/chaiyong/Downloads/matcha/javascript_files_splits/split_16/53051639/53051639_2_184767109.js_#1#11,/Users/chaiyong/Downloads/matcha/javascript_files_splits/split_16/53051639/53051639_2_184766941.js_#1#11,/Users/chaiyong/Downloads/matcha/javascript_files_splits/split_16/53051639/53051639_2_184766858.js_#1#11,/Users/chaiyong/Downloads/matcha/javascript_files_splits/split_19/64013635/64013635_2_recent.js_#46#52,/Users/chaiyong/Downloads/matcha/javascript_files_splits/split_19/64013635/64013635_2_original.js_#46#52,/Users/chaiyong/Downloads/matcha/javascript_files_splits/split_19/64013635/64013635_2_231344040.js_#46#52,/Users/chaiyong/Downloads/matcha/javascript_files_splits/split_19/64013635/64013635_2_231342703.js_#46#52,/Users/chaiyong/Downloads/matcha/javascript_files_splits/split_15/51277357/51277357_4_recent.js_#6#12,/Users/chaiyong/Downloads/matcha/javascript_files_splits/split_15/51277357/51277357_4_177385989.js_#6#12,/Users/chaiyong/Downloads/matcha/javascript_files_splits/split_13/45553389/45553389_2_recent.js_#9#15,/Users/chaiyong/Downloads/matcha/javascript_files_splits/split_13/45553389/45553389_2_original.js_#9#15,/Users/chaiyong/Downloads/matcha/javascript_files_splits/split_13/45553389/45553389_2_153423032.js_#9#15,/Users/chaiyong/Downloads/matcha/javascript_files_splits/split_13/45553389/45553389_2_153422152.js_#9#15,/Users/chaiyong/Downloads/matcha/javascript_files_splits/split_13/45553389/45553389_2_153421778.js_#9#15,/Users/chaiyong/Downloads/matcha/javascript_files_splits/split_15/51277357/51277357_4_recent.js_#3#13,/Users/chaiyong/Downloads/matcha/javascript_files_splits/split_15/51277357/51277357_4_177385989.js_#3#13,/Users/chaiyong/Downloads/matcha/javascript_files_splits/split_19/64013635/64013635_2_recent.js_#45#53,/Users/chaiyong/Downloads/matcha/javascript_files_splits/split_19/64013635/64013635_2_original.js_#45#53,/Users/chaiyong/Downloads/matcha/javascript_files_splits/split_19/64013635/64013635_2_231344040.js_#45#53,/Users/chaiyong/Downloads/matcha/javascript_files_splits/split_19/64013635/64013635_2_231342703.js_#45#53,/Users/chaiyong/Downloads/matcha/javascript_files_splits/split_15/51277357/51277357_4_recent.js_#1#14,/Users/chaiyong/Downloads/matcha/javascript_files_splits/split_15/51277357/51277357_4_177385989.js_#1#14,/Users/chaiyong/Downloads/matcha/javascript_files_splits/split_13/45553389/45553389_2_recent.js_#2#16,/Users/chaiyong/Downloads/matcha/javascript_files_splits/split_13/45553389/45553389_2_original.js_#2#16,/Users/chaiyong/Downloads/matcha/javascript_files_splits/split_13/45553389/45553389_2_153423032.js_#2#16,/Users/chaiyong/Downloads/matcha/javascript_files_splits/split_13/45553389/45553389_2_153422152.js_#2#16,/Users/chaiyong/Downloads/matcha/javascript_files_splits/split_13/45553389/45553389_2_153421778.js_#2#16,/Users/chaiyong/Downloads/matcha/javascript_files_splits/split_12/42731845/42731845_4_recent.js_#5#15,/Users/chaiyong/Downloads/matcha/javascript_files_splits/split_12/42731845/42731845_4_original.js_#5#15,/Users/chaiyong/Downloads/matcha/javascript_files_splits/split_12/42731845/42731845_4_147638670.js_#5#15,/Users/chaiyong/Downloads/matcha/javascript_files_splits/split_12/42731845/42731845_4_140369379.js_#5#15,/Users/chaiyong/Downloads/matcha/javascript_files_splits/split_12/42731845/42731845_4_recent.js_#6#14,/Users/chaiyong/Downloads/matcha/javascript_files_splits/split_12/42731845/42731845_4_original.js_#6#14,/Users/chaiyong/Downloads/matcha/javascript_files_splits/split_12/42731845/42731845_4_147638670.js_#6#14,/Users/chaiyong/Downloads/matcha/javascript_files_splits/split_12/42731845/42731845_4_140369379.js_#6#14,/Users/chaiyong/Downloads/matcha/javascript_files_splits/split_13/45553389/45553389_2_recent.js_#1#17,/Users/chaiyong/Downloads/matcha/javascript_files_splits/split_13/45553389/45553389_2_original.js_#1#17,/Users/chaiyong/Downloads/matcha/javascript_files_splits/split_13/45553389/45553389_2_153423032.js_#1#17,/Users/chaiyong/Downloads/matcha/javascript_files_splits/split_13/45553389/45553389_2_153422152.js_#1#17,/Users/chaiyong/Downloads/matcha/javascript_files_splits/split_13/45553389/45553389_2_153421778.js_#1#17,/Users/chaiyong/Downloads/matcha/javascript_files_splits/split_12/42731845/42731845_4_recent.js_#4#16,/Users/chaiyong/Downloads/matcha/javascript_files_splits/split_12/42731845/42731845_4_original.js_#4#16,/Users/chaiyong/Downloads/matcha/javascript_files_splits/split_12/42731845/42731845_4_147638670.js_#4#16,/Users/chaiyong/Downloads/matcha/javascript_files_splits/split_12/42731845/42731845_4_140369379.js_#4#16,/Users/chaiyong/Downloads/matcha/javascript_files_splits/split_19/64013635/64013635_2_recent.js_#38#54,/Users/chaiyong/Downloads/matcha/javascript_files_splits/split_19/64013635/64013635_2_original.js_#38#54,/Users/chaiyong/Downloads/matcha/javascript_files_splits/split_19/64013635/64013635_2_231344040.js_#38#54,/Users/chaiyong/Downloads/matcha/javascript_files_splits/split_19/64013635/64013635_2_231342703.js_#38#54,/Users/chaiyong/Downloads/matcha/javascript_files_splits/split_16/53021172/53021172_4_recent.js_#5#22,/Users/chaiyong/Downloads/matcha/javascript_files_splits/split_16/53021172/53021172_4_184667101.js_#5#22
/Users/chaiyong/Downloads/matcha/js_repos/next.js/examples/with-mocha/pages/index.js_#1#12,/Users/chaiyong/Downloads/matcha/javascript_files_splits/split_17/55270869/55270869_4_recent.js_#12#37,/Users/chaiyong/Downloads/matcha/javascript_files_splits/split_17/55270869/55270869_4_original.js_#12#37,/Users/chaiyong/Downloads/matcha/javascript_files_splits/split_17/55270869/55270869_4_194212887.js_#12#37,/Users/chaiyong/Downloads/matcha/javascript_files_splits/split_17/55270869/55270869_4_194212499.js_#12#37,/Users/chaiyong/Downloads/matcha/javascript_files_splits/split_17/55270869/55270869_2_194070492.js_#12#37
/Users/chaiyong/Downloads/matcha/js_repos/next.js/examples/with-flow/pages/index.js_#4#10,/Users/chaiyong/Downloads/matcha/javascript_files_splits/split_13/43225334/43225334_6_157275934.js_#3#10,/Users/chaiyong/Downloads/matcha/javascript_files_splits/split_13/43225334/43225334_6_157272961.js_#3#10,/Users/chaiyong/Downloads/matcha/javascript_files_splits/split_13/43225334/43225334_4_142355140.js_#3#10,/Users/chaiyong/Downloads/matcha/javascript_files_splits/split_13/43225334/43225334_4_142354599.js_#3#10,/Users/chaiyong/Downloads/matcha/javascript_files_splits/split_13/43225334/43225334_4_142354125.js_#3#10,/Users/chaiyong/Downloads/matcha/javascript_files_splits/split_13/43225334/43225334_2_original.js_#3#10,/Users/chaiyong/Downloads/matcha/javascript_files_splits/split_13/43225334/43225334_2_142353527.js_#3#10
/Users/chaiyong/Downloads/matcha/js_repos/next.js/examples/with-reflux/pages/index.js_#10#18,/Users/chaiyong/Downloads/matcha/javascript_files_splits/split_10/37744813/37744813_2_recent.js_#14#22,/Users/chaiyong/Downloads/matcha/javascript_files_splits/split_10/37744813/37744813_2_120126536.js_#14#22,/Users/chaiyong/Downloads/matcha/javascript_files_splits/split_10/37744813/37744813_2_120126003.js_#14#22,/Users/chaiyong/Downloads/matcha/javascript_files_splits/split_16/54064482/54064482_2_recent.js_#23#35,/Users/chaiyong/Downloads/matcha/javascript_files_splits/split_16/54064482/54064482_2_original.js_#23#35,/Users/chaiyong/Downloads/matcha/javascript_files_splits/split_16/54064482/54064482_2_189038540.js_#23#35,/Users/chaiyong/Downloads/matcha/javascript_files_splits/split_16/54064482/54064482_2_189033554.js_#23#35,/Users/chaiyong/Downloads/matcha/javascript_files_splits/split_13/43440571/43440571_2_recent.js_#11#19,/Users/chaiyong/Downloads/matcha/javascript_files_splits/split_13/43440571/43440571_2_original.js_#10#18,/Users/chaiyong/Downloads/matcha/javascript_files_splits/split_13/43440571/43440571_2_143261327.js_#11#19,/Users/chaiyong/Downloads/matcha/javascript_files_splits/split_13/43440571/43440571_2_143261077.js_#10#18,/Users/chaiyong/Downloads/matcha/javascript_files_splits/split_16/52825389/52825389_6_recent.js_#33#43,/Users/chaiyong/Downloads/matcha/javascript_files_splits/split_16/52825389/52825389_6_original.js_#33#43,/Users/chaiyong/Downloads/matcha/javascript_files_splits/split_16/52825389/52825389_6_183903188.js_#33#43,/Users/chaiyong/Downloads/matcha/javascript_files_splits/split_15/51812725/51812725_2_recent.js_#21#54,/Users/chaiyong/Downloads/matcha/javascript_files_splits/split_15/51812725/51812725_2_210517528.js_#21#54,/Users/chaiyong/Downloads/matcha/javascript_files_splits/split_15/51386254/51386254_2_recent.js_#21#43,/Users/chaiyong/Downloads/matcha/javascript_files_splits/split_15/51386254/51386254_2_177839264.js_#21#43,/Users/chaiyong/Downloads/matcha/javascript_files_splits/split_15/51812725/51812725_2_original.js_#18#38,/Users/chaiyong/Downloads/matcha/javascript_files_splits/split_15/51812725/51812725_2_179615376.js_#18#38,/Users/chaiyong/Downloads/matcha/javascript_files_splits/split_15/51812725/51812725_2_recent.js_#24#51,/Users/chaiyong/Downloads/matcha/javascript_files_splits/split_15/51812725/51812725_2_210517528.js_#24#51,/Users/chaiyong/Downloads/matcha/javascript_files_splits/split_14/48647908/48647908_2_recent.js_#58#90,/Users/chaiyong/Downloads/matcha/javascript_files_splits/split_14/48647908/48647908_2_original.js_#52#84,/Users/chaiyong/Downloads/matcha/javascript_files_splits/split_14/48647908/48647908_2_224793765.js_#58#90,/Users/chaiyong/Downloads/matcha/javascript_files_splits/split_14/48647908/48647908_2_166297124.js_#58#90,/Users/chaiyong/Downloads/matcha/javascript_files_splits/split_14/48647908/48647908_2_166295568.js_#52#84,/Users/chaiyong/Downloads/matcha/javascript_files_splits/split_15/51812725/51812725_2_original.js_#21#35,/Users/chaiyong/Downloads/matcha/javascript_files_splits/split_15/51812725/51812725_2_179615376.js_#21#35
/Users/chaiyong/Downloads/matcha/js_repos/next.js/examples/with-rematch/shared/components/header.js_#3#18,/Users/chaiyong/Downloads/matcha/javascript_files_splits/split_18/61485262/61485262_2_original.js_#5#27,/Users/chaiyong/Downloads/matcha/javascript_files_splits/split_18/61485262/61485262_2_220336969.js_#5#27,/Users/chaiyong/Downloads/matcha/javascript_files_splits/split_18/61485262/61485262_2_recent.js_#5#27,/Users/chaiyong/Downloads/matcha/javascript_files_splits/split_18/61485262/61485262_2_220340052.js_#5#27
/Users/chaiyong/Downloads/matcha/js_repos/next.js/packages/next-codemod/transforms/__testfixtures__/url-to-withrouter/url-property-not-part-of-this-props.output.js_#3#11,/Users/chaiyong/Downloads/matcha/javascript_files_splits/split_16/52164854/52164854_2_recent.js_#24#32,/Users/chaiyong/Downloads/matcha/javascript_files_splits/split_16/52164854/52164854_2_original.js_#24#32,/Users/chaiyong/Downloads/matcha/javascript_files_splits/split_16/52164854/52164854_2_181110572.js_#24#32,/Users/chaiyong/Downloads/matcha/javascript_files_splits/split_16/52164854/52164854_2_181080192.js_#24#32,/Users/chaiyong/Downloads/matcha/javascript_files_splits/split_19/63998263/63998263_3_recent.js_#34#47,/Users/chaiyong/Downloads/matcha/javascript_files_splits/split_19/63998263/63998263_3_original.js_#34#47,/Users/chaiyong/Downloads/matcha/javascript_files_splits/split_19/63998263/63998263_3_231278643.js_#34#47,/Users/chaiyong/Downloads/matcha/javascript_files_splits/split_19/63998263/63998263_3_231278409.js_#34#47,/Users/chaiyong/Downloads/matcha/javascript_files_splits/split_16/52164854/52164854_2_recent.js_#19#35,/Users/chaiyong/Downloads/matcha/javascript_files_splits/split_16/52164854/52164854_2_original.js_#19#35,/Users/chaiyong/Downloads/matcha/javascript_files_splits/split_16/52164854/52164854_2_181110572.js_#19#35,/Users/chaiyong/Downloads/matcha/javascript_files_splits/split_16/52164854/52164854_2_181080192.js_#19#35,/Users/chaiyong/Downloads/matcha/javascript_files_splits/split_16/53318402/53318402_2_recent.js_#30#46,/Users/chaiyong/Downloads/matcha/javascript_files_splits/split_16/53318402/53318402_2_original.js_#30#46,/Users/chaiyong/Downloads/matcha/javascript_files_splits/split_16/53318402/53318402_2_185891398.js_#30#46,/Users/chaiyong/Downloads/matcha/javascript_files_splits/split_16/53318402/53318402_2_185880719.js_#30#46,/Users/chaiyong/Downloads/matcha/javascript_files_splits/split_13/45420797/45420797_4_recent.js_#12#28,/Users/chaiyong/Downloads/matcha/javascript_files_splits/split_13/45420797/45420797_4_original.js_#12#28,/Users/chaiyong/Downloads/matcha/javascript_files_splits/split_13/45420797/45420797_4_217308040.js_#12#28,/Users/chaiyong/Downloads/matcha/javascript_files_splits/split_15/51126750/51126750_2_recent.js_#24#34,/Users/chaiyong/Downloads/matcha/javascript_files_splits/split_15/51126750/51126750_2_original.js_#24#34,/Users/chaiyong/Downloads/matcha/javascript_files_splits/split_15/51126750/51126750_2_176999160.js_#24#34,/Users/chaiyong/Downloads/matcha/javascript_files_splits/split_15/51126750/51126750_2_176710568.js_#24#34,/Users/chaiyong/Downloads/matcha/javascript_files_splits/split_15/51126750/51126750_2_176710275.js_#24#34,/Users/chaiyong/Downloads/matcha/javascript_files_splits/split_15/51126750/51126750_2_176710150.js_#24#34,/Users/chaiyong/Downloads/matcha/javascript_files_splits/split_16/53606134/53606134_2_recent.js_#9#35,/Users/chaiyong/Downloads/matcha/javascript_files_splits/split_16/53606134/53606134_2_original.js_#9#35,/Users/chaiyong/Downloads/matcha/javascript_files_splits/split_16/53606134/53606134_2_187100501.js_#9#35,/Users/chaiyong/Downloads/matcha/javascript_files_splits/split_16/53606134/53606134_2_187099288.js_#9#35,/Users/chaiyong/Downloads/matcha/javascript_files_splits/split_16/53606134/53606134_2_187098795.js_#9#35,/Users/chaiyong/Downloads/matcha/javascript_files_splits/split_16/52655918/52655918_10_recent.js_#1#21,/Users/chaiyong/Downloads/matcha/javascript_files_splits/split_16/52655918/52655918_10_original.js_#1#21,/Users/chaiyong/Downloads/matcha/javascript_files_splits/split_16/52655918/52655918_10_183121927.js_#1#21
/Users/chaiyong/Downloads/matcha/js_repos/next.js/packages/next-codemod/transforms/__testfixtures__/url-to-withrouter/url-property-not-part-of-this-props.input.js_#3#11,/Users/chaiyong/Downloads/matcha/javascript_files_splits/split_16/52164854/52164854_2_recent.js_#24#32,/Users/chaiyong/Downloads/matcha/javascript_files_splits/split_16/52164854/52164854_2_original.js_#24#32,/Users/chaiyong/Downloads/matcha/javascript_files_splits/split_16/52164854/52164854_2_181110572.js_#24#32,/Users/chaiyong/Downloads/matcha/javascript_files_splits/split_16/52164854/52164854_2_181080192.js_#24#32,/Users/chaiyong/Downloads/matcha/javascript_files_splits/split_19/63998263/63998263_3_recent.js_#34#47,/Users/chaiyong/Downloads/matcha/javascript_files_splits/split_19/63998263/63998263_3_original.js_#34#47,/Users/chaiyong/Downloads/matcha/javascript_files_splits/split_19/63998263/63998263_3_231278643.js_#34#47,/Users/chaiyong/Downloads/matcha/javascript_files_splits/split_19/63998263/63998263_3_231278409.js_#34#47,/Users/chaiyong/Downloads/matcha/javascript_files_splits/split_16/52164854/52164854_2_recent.js_#19#35,/Users/chaiyong/Downloads/matcha/javascript_files_splits/split_16/52164854/52164854_2_original.js_#19#35,/Users/chaiyong/Downloads/matcha/javascript_files_splits/split_16/52164854/52164854_2_181110572.js_#19#35,/Users/chaiyong/Downloads/matcha/javascript_files_splits/split_16/52164854/52164854_2_181080192.js_#19#35,/Users/chaiyong/Downloads/matcha/javascript_files_splits/split_16/53318402/53318402_2_recent.js_#30#46,/Users/chaiyong/Downloads/matcha/javascript_files_splits/split_16/53318402/53318402_2_original.js_#30#46,/Users/chaiyong/Downloads/matcha/javascript_files_splits/split_16/53318402/53318402_2_185891398.js_#30#46,/Users/chaiyong/Downloads/matcha/javascript_files_splits/split_16/53318402/53318402_2_185880719.js_#30#46,/Users/chaiyong/Downloads/matcha/javascript_files_splits/split_13/45420797/45420797_4_recent.js_#12#28,/Users/chaiyong/Downloads/matcha/javascript_files_splits/split_13/45420797/45420797_4_original.js_#12#28,/Users/chaiyong/Downloads/matcha/javascript_files_splits/split_13/45420797/45420797_4_217308040.js_#12#28,/Users/chaiyong/Downloads/matcha/javascript_files_splits/split_15/51126750/51126750_2_recent.js_#24#34,/Users/chaiyong/Downloads/matcha/javascript_files_splits/split_15/51126750/51126750_2_original.js_#24#34,/Users/chaiyong/Downloads/matcha/javascript_files_splits/split_15/51126750/51126750_2_176999160.js_#24#34,/Users/chaiyong/Downloads/matcha/javascript_files_splits/split_15/51126750/51126750_2_176710568.js_#24#34,/Users/chaiyong/Downloads/matcha/javascript_files_splits/split_15/51126750/51126750_2_176710275.js_#24#34,/Users/chaiyong/Downloads/matcha/javascript_files_splits/split_15/51126750/51126750_2_176710150.js_#24#34,/Users/chaiyong/Downloads/matcha/javascript_files_splits/split_16/53606134/53606134_2_recent.js_#9#35,/Users/chaiyong/Downloads/matcha/javascript_files_splits/split_16/53606134/53606134_2_original.js_#9#35,/Users/chaiyong/Downloads/matcha/javascript_files_splits/split_16/53606134/53606134_2_187100501.js_#9#35,/Users/chaiyong/Downloads/matcha/javascript_files_splits/split_16/53606134/53606134_2_187099288.js_#9#35,/Users/chaiyong/Downloads/matcha/javascript_files_splits/split_16/53606134/53606134_2_187098795.js_#9#35,/Users/chaiyong/Downloads/matcha/javascript_files_splits/split_16/52655918/52655918_10_recent.js_#1#21,/Users/chaiyong/Downloads/matcha/javascript_files_splits/split_16/52655918/52655918_10_original.js_#1#21,/Users/chaiyong/Downloads/matcha/javascript_files_splits/split_16/52655918/52655918_10_183121927.js_#1#21
/Users/chaiyong/Downloads/matcha/js_repos/next.js/packages/create-next-app/templates/app-empty/js/app/page.js_#1#7,/Users/chaiyong/Downloads/matcha/javascript_files_splits/split_13/43225334/43225334_6_157275934.js_#3#10,/Users/chaiyong/Downloads/matcha/javascript_files_splits/split_13/43225334/43225334_6_157272961.js_#3#10,/Users/chaiyong/Downloads/matcha/javascript_files_splits/split_13/43225334/43225334_4_142355140.js_#3#10,/Users/chaiyong/Downloads/matcha/javascript_files_splits/split_13/43225334/43225334_4_142354599.js_#3#10,/Users/chaiyong/Downloads/matcha/javascript_files_splits/split_13/43225334/43225334_4_142354125.js_#3#10,/Users/chaiyong/Downloads/matcha/javascript_files_splits/split_13/43225334/43225334_2_original.js_#3#10,/Users/chaiyong/Downloads/matcha/javascript_files_splits/split_13/43225334/43225334_2_142353527.js_#3#10
/Users/chaiyong/Downloads/matcha/js_repos/next.js/packages/create-next-app/templates/app-tw-empty/js/app/page.js_#1#7,/Users/chaiyong/Downloads/matcha/javascript_files_splits/split_13/43225334/43225334_6_157275934.js_#3#10,/Users/chaiyong/Downloads/matcha/javascript_files_splits/split_13/43225334/43225334_6_157272961.js_#3#10,/Users/chaiyong/Downloads/matcha/javascript_files_splits/split_13/43225334/43225334_4_142355140.js_#3#10,/Users/chaiyong/Downloads/matcha/javascript_files_splits/split_13/43225334/43225334_4_142354599.js_#3#10,/Users/chaiyong/Downloads/matcha/javascript_files_splits/split_13/43225334/43225334_4_142354125.js_#3#10,/Users/chaiyong/Downloads/matcha/javascript_files_splits/split_13/43225334/43225334_2_original.js_#3#10,/Users/chaiyong/Downloads/matcha/javascript_files_splits/split_13/43225334/43225334_2_142353527.js_#3#10
